County,DemVote,LibVote,OthVote,RepVote,AllVote
AL@AUTAUGA,3814,532,35,13359,17740
AL@BALDWIN,11478,2092,126,59501,73197
AL@BARBOUR,2620,60,2,3861,6543
AL@BIBB,971,188,16,4694,5869
AL@BLOUNT,1130,519,33,14904,16586
AL@BULLOCK,1827,31,1,785,2644
AL@BUTLER,2039,80,1,3789,5909
AL@CALHOUN,7365,666,42,22008,30081
AL@CHAMBERS,2997,176,9,5917,9099
AL@CHEROKEE,761,121,6,6947,7835
AL@CHILTON,1407,350,21,10386,12164
AL@CHOCTAW,1899,56,1,3198,5154
AL@CLARKE,3613,57,1,5348,9019
AL@CLAY,505,92,8,3628,4233
AL@CLEBURNE,308,77,7,4212,4604
AL@COFFEE,2298,249,40,11411,13998
AL@COLBERT,4181,310,17,12748,17256
AL@CONECUH,1830,39,2,2564,4435
AL@COOSA,1042,109,3,2662,3816
AL@COVINGTON,1289,123,8,9852,11272
AL@CRENSHAW,895,58,2,3607,4562
AL@CULLMAN,1951,874,70,23228,26123
AL@DALE,2326,203,12,9458,11999
AL@DALLAS,7312,108,3,3888,11311
AL@DEKALB,1679,228,27,15200,17134
AL@ELMORE,4866,666,40,20167,25739
AL@ESCAMBIA,2247,116,5,7284,9652
AL@ETOWAH,4925,534,34,20599,26092
AL@FAYETTE,690,109,5,4697,5501
AL@FRANKLIN,770,116,5,6547,7438
AL@GENEVA,763,100,2,7113,7978
AL@GREENE,2337,30,2,597,2966
AL@HALE,2790,81,4,2298,5173
AL@HENRY,1560,84,3,5085,6732
AL@HOUSTON,5854,477,31,21246,27608
AL@JACKSON,1518,214,23,11617,13372
AL@JEFFERSON,100792,4873,365,91802,197832
AL@LAMAR,447,56,4,3869,4376
AL@LAUDERDALE,5453,494,48,19893,25888
AL@LAWRENCE,1916,225,14,8573,10728
AL@LEE,12458,1107,51,26966,40582
AL@LIMESTONE,7037,784,97,23422,31340
AL@LOWNDES,2734,58,2,1277,4071
AL@MACON,4131,85,2,1153,5371
AL@MADISON,45976,3602,345,70577,120500
AL@MARENGO,3375,81,1,3807,7264
AL@MARION,591,152,8,7636,8387
AL@MARSHALL,2461,511,44,21211,24227
AL@MOBILE,40266,2338,118,64378,107100
AL@MONROE,2678,74,4,4270,7026
AL@MONTGOMERY,33685,1188,91,22741,57705
AL@MORGAN,5879,813,103,25310,32105
AL@PERRY,2224,52,2,898,3176
AL@PICKENS,2248,87,11,4225,6571
AL@PIKE,2661,107,8,5359,8135
AL@RANDOLPH,991,111,4,5471,6577
AL@RUSSELL,5398,174,6,5967,11545
AL@SHELBY,16276,2588,248,50762,69874
AL@ST. CLAIR,3933,885,53,23049,27920
AL@SUMTER,2684,28,1,1163,3876
AL@TALLADEGA,6891,439,21,14269,21620
AL@TALLAPOOSA,2914,214,19,10421,13568
AL@TUSCALOOSA,18591,1065,91,31879,51626
AL@WALKER,2083,499,33,15206,17821
AL@WASHINGTON,1267,54,,4557,5878
AL@WILCOX,2446,34,3,1329,3812
AL@WINSTON,403,176,15,6309,6903
AR@ARKANSAS,2024,210,,6684,8918
AR@ASHLEY,2502,160,,8206,10868
AR@BAXTER,5880,886,,24414,31180
AR@BENTON,56672,6576,,117876,181124
AR@BOONE,3958,1066,,20348,25372
AR@BRADLEY,1460,126,,3648,5234
AR@CALHOUN,562,66,,2538,3166
AR@CARROLL,5670,654,,11734,18058
AR@CHICOT,3306,82,,3374,6762
AR@CLARK,4534,306,,7370,12210
AR@CLAY,1396,278,,6160,7834
AR@CLEBURNE,2684,696,,16672,20052
AR@CLEVELAND,760,130,,4686,5576
AR@COLUMBIA,3504,248,,8354,12106
AR@CONWAY,3712,424,,9296,13432
AR@CRAIGHEAD,15764,2008,,37394,55166
AR@CRAWFORD,6250,1320,,27788,35358
AR@CRITTENDEN,9998,420,,10872,21290
AR@CROSS,2158,238,,7414,9810
AR@DALLAS,1260,116,,2732,4108
AR@DESHA,2592,142,,3294,6028
AR@DREW,3264,178,,7050,10492
AR@FAULKNER,24514,3052,,52436,80002
AR@FRANKLIN,1784,394,,8568,10746
AR@FULTON,1362,336,,6238,7936
AR@GARLAND,18324,2372,,45212,65908
AR@GRANT,1718,428,,10410,12556
AR@GREENE,4054,858,,18100,23012
AR@HEMPSTEAD,2386,210,,6676,9272
AR@HOT SPRING,4278,734,,14720,19732
AR@HOWARD,1722,168,,5336,7226
AR@INDEPENDENCE,3678,714,,16650,21042
AR@IZARD,1442,316,,7374,9132
AR@JACKSON,1976,222,,5826,8024
AR@JEFFERSON,18678,614,,15140,34432
AR@JOHNSON,2916,484,,10574,13974
AR@LAFAYETTE,1264,86,,2562,3912
AR@LAWRENCE,1458,310,,7384,9152
AR@LEE,1912,108,,1956,3976
AR@LINCOLN,1238,148,,4080,5466
AR@LITTLE RIVER,1596,224,,5758,7578
AR@LOGAN,2188,428,,9840,12456
AR@LONOKE,8954,1704,,34014,44672
AR@MADISON,2204,368,,8978,11550
AR@MARION,2030,406,,9532,11968
AR@MILLER,4844,572,,16950,22366
AR@MISSISSIPPI,5752,390,,10860,17002
AR@MONROE,1782,94,,2590,4466
AR@MONTGOMERY,1064,210,,5032,6306
AR@NEVADA,1480,98,,3334,4912
AR@NEWTON,1026,214,,4880,6120
AR@OUACHITA,5326,336,,8326,13988
AR@PERRY,1424,322,,5838,7584
AR@PHILLIPS,4562,132,,3858,8552
AR@PIKE,944,196,,6266,7406
AR@POINSETT,1952,308,,8838,11098
AR@POLK,1864,526,,11338,13728
AR@POPE,7356,1236,,26316,34908
AR@PRAIRIE,772,126,,4418,5316
AR@PULASKI,135006,6368,,105490,246864
AR@RANDOLPH,1728,442,,8320,10490
AR@SALINE,21204,3148,,61800,86152
AR@SCOTT,698,208,,4994,5900
AR@SEARCY,852,324,,5046,6222
AR@SEBASTIAN,17852,2492,,48194,68538
AR@SEVIER,1250,220,,5776,7246
AR@SHARP,1958,398,,9696,12052
AR@ST. FRANCIS,4848,202,,5028,10078
AR@STONE,1864,372,,7898,10134
AR@UNION,6886,460,,15852,23198
AR@VAN BUREN,2222,532,,9722,12476
AR@WASHINGTON,61870,4320,,74672,140862
AR@WHITE,7464,1646,,36994,46104
AR@WOODRUFF,1266,134,,2752,4152
AR@YELL,1672,324,,8528,10524
AZ@APACHE,18005,549,,8165,26719
AZ@COCHISE,20002,1383,64,25542,46991
AZ@COCONINO,35151,1199,5,18703,55058
AZ@GILA,7984,601,,13959,22544
AZ@GRAHAM,3243,255,,7388,10886
AZ@GREENLEE,970,100,,1392,2462
AZ@LA PAZ,1712,160,,3658,5530
AZ@MARICOPA,809594,31099,11,710522,1551226
AZ@MOHAVE,21041,2117,,58741,81899
AZ@NAVAJO,18726,927,2,20975,40630
AZ@PIMA,248233,7544,7,144941,400725
AZ@PINAL,62010,3650,4,78822,144486
AZ@SANTA CRUZ,8989,304,,3893,13186
AZ@YAVAPAI,45260,2633,2,75756,123651
AZ@YUMA,21142,1241,,23918,46301
CA@ALAMEDA,383300,,,94283,477583
CA@ALPINE,372,,,240,612
CA@AMADOR,6522,,,11917,18439
CA@BUTTE,33467,,,38183,71650
CA@CALAVERAS,7649,,,13415,21064
CA@COLUSA,1807,,,3651,5458
CA@CONTRA COSTA,267331,,,116122,383453
CA@DEL NORTE,3400,,,4852,8252
CA@EL DORADO,36669,,,51025,87694
CA@FRESNO,100963,,,113845,214808
CA@GLENN,2234,,,5600,7834
CA@HUMBOLDT,30612,,,17096,47708
CA@IMPERIAL,17774,,,11919,29693
CA@INYO,3488,,,3878,7366
CA@KERN,73784,,,113432,187216
CA@KINGS,10067,,,16533,26600
CA@LAKE,10138,,,9769,19907
CA@LASSEN,1888,,,7181,9069
CA@LOS ANGELES,1670306,,,715913,2386219
CA@MADERA,14018,,,22514,36532
CA@MARIN,95496,,,22326,117822
CA@MARIPOSA,3050,,,4703,7753
CA@MENDOCINO,19745,,,10406,30151
CA@MERCED,26755,,,27893,54648
CA@MODOC,802,,,2552,3354
CA@MONO,2594,,,1925,4519
CA@MONTEREY,67153,,,34026,101179
CA@NAPA,32651,,,16549,49200
CA@NEVADA,27898,,,22478,50376
CA@ORANGE,479494,,,489185,968679
CA@PLACER,77540,,,102597,180137
CA@PLUMAS,3405,,,5153,8558
CA@RIVERSIDE,289599,,,296687,586286
CA@SACRAMENTO,283117,,,188925,472042
CA@SAN BENITO,11016,,,8368,19384
CA@SAN BERNARDINO,218494,,,226470,444964
CA@SAN DIEGO,586284,,,432027,1018311
CA@SAN FRANCISCO,254756,,,42699,297455
CA@SAN JOAQUIN,90289,,,85078,175367
CA@SAN LUIS OBISPO,63076,,,55087,118163
CA@SAN MATEO,186891,,,57825,244716
CA@SANTA BARBARA,82255,,,51339,133594
CA@SANTA CLARA,383152,,,153249,536401
CA@SANTA CRUZ,80675,,,22810,103485
CA@SHASTA,20805,,,46750,67555
CA@SIERRA,572,,,973,1545
CA@SISKIYOU,6892,,,10607,17499
CA@SOLANO,80317,,,49443,129760
CA@SONOMA,143197,,,51982,195179
CA@STANISLAUS,57861,,,70792,128653
CA@SUTTER,9797,,,17827,27624
CA@TEHAMA,5670,,,14784,20454
CA@TRINITY,2019,,,2488,4507
CA@TULARE,35215,,,55359,90574
CA@TUOLUMNE,8932,,,14016,22948
CA@VENTURA,155231,,,121822,277053
CA@YOLO,46094,,,21022,67116
CA@YUBA,7043,,,12439,19482
CO@ADAMS,90483,2992,2227,63586,159288
CO@ALAMOSA,2999,105,92,2734,5930
CO@ARAPAHOE,154678,4016,2593,96033,257320
CO@ARCHULETA,3428,175,121,4099,7823
CO@BACA,371,54,17,1303,1745
CO@BENT,640,33,33,1104,1810
CO@BOULDER,128227,1909,1440,33858,165434
CO@BROOMFIELD,23617,590,361,12975,37543
CO@CHAFFEE,6607,203,137,4854,11801
CO@CHEYENNE,120,19,15,763,917
CO@CLEAR CREEK,2966,108,75,2040,5189
CO@CONEJOS,1669,42,32,1704,3447
CO@COSTILLA,1108,36,24,518,1686
CO@CROWLEY,432,46,48,849,1375
CO@CUSTER,1061,113,42,2112,3328
CO@DELTA,5400,341,276,9901,15918
CO@DENVER,228419,3054,2076,51582,285131
CO@DOLORES,353,35,24,873,1285
CO@DOUGLAS,85173,3056,1706,100978,190913
CO@EAGLE,13960,287,172,7776,22195
CO@EL PASO,124024,6892,3408,149995,284319
CO@ELBERT,3824,330,203,11897,16254
CO@FREMONT,6802,545,356,12285,19988
CO@GARFIELD,12777,483,331,10924,24515
CO@GILPIN,1914,70,45,1385,3414
CO@GRAND,3912,164,85,3824,7985
CO@GUNNISON,5993,160,106,2905,9164
CO@HINSDALE,223,10,12,272,517
CO@HUERFANO,2011,69,65,1705,3850
CO@JACKSON,151,22,16,496,685
CO@JEFFERSON,176378,4820,3189,115978,300365
CO@KIOWA,120,15,12,602,749
CO@KIT CARSON,531,44,45,2408,3028
CO@LA PLATA,17711,472,315,11231,29729
CO@LAKE,1812,66,50,1067,2995
CO@LARIMER,100466,3269,1975,69573,175283
CO@LAS ANIMAS,3291,108,108,3166,6673
CO@LINCOLN,401,46,35,1624,2106
CO@LOGAN,1954,179,150,5980,8263
CO@MESA,28732,1707,1235,41766,73440
CO@MINERAL,310,16,14,369,709
CO@MOFFAT,1069,104,75,4150,5398
CO@MONTEZUMA,5072,296,181,6960,12509
CO@MONTROSE,7255,406,277,12894,20832
CO@MORGAN,2786,202,181,7000,10169
CO@OTERO,3052,104,122,3958,7236
CO@OURAY,2160,52,27,1327,3566
CO@PARK,4234,271,150,5390,10045
CO@PHILLIPS,400,50,28,1503,1981
CO@PITKIN,7157,86,57,2281,9581
CO@PROWERS,1172,52,97,2956,4277
CO@PUEBLO,35581,1222,1056,29493,67352
CO@RIO BLANCO,525,67,38,2391,3021
CO@RIO GRANDE,2136,108,75,2625,4944
CO@ROUTT,8737,160,134,4836,13867
CO@SAGUACHE,1577,86,38,1070,2771
CO@SAN JUAN,350,12,12,164,538
CO@SAN MIGUEL,3110,53,32,888,4083
CO@SEDGWICK,308,21,26,807,1162
CO@SUMMIT,9710,193,130,4211,14244
CO@TELLER,4515,295,145,8602,13557
CO@WASHINGTON,347,53,38,1964,2402
CO@WELD,50129,2860,1558,74043,128590
CO@YUMA,740,89,52,3086,3967
FL@ALACHUA,55439,,1075,39220,95734
FL@BAKER,1181,,80,9431,10692
FL@BAY,14547,,752,51657,66956
FL@BRADFORD,1942,,112,8156,10210
FL@BREVARD,98978,,2952,165233,267163
FL@BROWARD,353575,,5509,238962,598046
FL@CALHOUN,700,,65,4067,4832
FL@CHARLOTTE,27757,,846,63845,92448
FL@CITRUS,19634,,947,55087,75668
FL@CLAY,23054,,1023,65972,90049
FL@COLLIER,46537,,902,116050,163489
FL@COLUMBIA,5070,,241,18344,23655
FL@DESOTO,2097,,93,6469,8659
FL@DIXIE,826,,83,5225,6134
FL@DUVAL,147646,,3794,177401,328841
FL@ESCAMBIA,40790,,1481,73225,115496
FL@FLAGLER,20204,,483,37934,58621
FL@FRANKLIN,1471,,62,3885,5418
FL@GADSDEN,11113,,185,6086,17384
FL@GILCHRIST,1087,,102,6657,7846
FL@GLADES,764,,28,3026,3818
FL@GULF,1295,,55,5069,6419
FL@HAMILTON,1215,,37,3030,4282
FL@HARDEE,981,,61,4480,5522
FL@HENDRY,2121,,104,6008,8233
FL@HERNANDO,24298,,1029,54822,80149
FL@HIGHLANDS,10480,,474,28777,39731
FL@HILLSBOROUGH,222378,,6470,253495,482343
FL@HOLMES,556,,63,6151,6770
FL@INDIAN RIVER,25613,,701,50878,77192
FL@JACKSON,3956,,135,12188,16279
FL@JEFFERSON,2929,,58,4137,7124
FL@LAFAYETTE,348,,38,2521,2907
FL@LAKE,55377,,1533,103103,160013
FL@LEE,87108,,2279,185123,274510
FL@LEON,69677,,1299,46511,117487
FL@LEVY,3944,,231,13690,17865
FL@LIBERTY,405,,33,2164,2602
FL@MADISON,2442,,58,4476,6976
FL@MANATEE,61423,,1737,108234,171394
FL@MARION,49698,,1438,104655,155791
FL@MARTIN,24639,,613,52312,77564
FL@MIAMI-DADE,318978,,6486,386251,711715
FL@MONROE,13756,,319,19897,33972
FL@NASSAU,11337,,432,35944,47713
FL@OKALOOSA,18851,,1130,60808,80789
FL@OKEECHOBEE,2218,,113,8532,10863
FL@ORANGE,225569,,4379,177105,407053
FL@OSCEOLA,49907,,1364,51422,102693
FL@PALM BEACH,269839,,5064,267715,542618
FL@PASCO,77664,,3017,143760,224441
FL@PINELLAS,192058,,6242,223747,422047
FL@POLK,82261,,2689,144548,229498
FL@PUTNAM,6450,,278,19812,26540
FL@SANTA ROSA,15554,,905,59111,75570
FL@SARASOTA,86618,,1933,129865,218416
FL@SEMINOLE,83285,,1982,97761,183028
FL@ST. JOHNS,44371,,1436,98564,144371
FL@ST. LUCIE,50851,,1049,69924,121824
FL@SUMTER,25010,,501,63806,89317
FL@SUWANNEE,3018,,163,13125,16306
FL@TAYLOR,1495,,59,6063,7617
FL@UNION,580,,42,3917,4539
FL@VOLUSIA,84543,,2234,139085,225862
FL@WAKULLA,4343,,170,10485,14998
FL@WALTON,6326,,288,28203,34817
FL@WASHINGTON,1345,,109,7641,9095
GA@APPLING,4964,130,12934,20774,38802
GA@ATKINSON,1974,54,4247,6466,12741
GA@BACON,1798,96,7198,12502,21594
GA@BAKER,2014,24,2381,2724,7143
GA@BALDWIN,28668,428,28818,28540,86454
GA@BANKS,2940,318,13819,24380,41457
GA@BARROW,31394,1786,54671,76162,164013
GA@BARTOW,35798,2106,75063,112222,225189
GA@BEN HILL,6970,146,9815,12514,29445
GA@BERRIEN,3504,158,11539,19416,34617
GA@BIBB,128244,1398,103366,77090,310098
GA@BLECKLEY,4100,154,9258,14262,27774
GA@BRANTLEY,1888,188,11352,20628,34056
GA@BROOKS,7686,154,10657,13474,31971
GA@BRYAN,21196,758,32364,42774,97092
GA@BULLOCH,31924,832,44797,56838,134391
GA@BURKE,15326,204,16375,17220,49125
GA@BUTTS,10326,364,18351,26012,55053
GA@CALHOUN,3776,22,3287,2776,9861
GA@CAMDEN,22726,834,34301,45042,102903
GA@CANDLER,3780,102,6834,9786,20502
GA@CARROLL,49146,2174,83059,114798,249177
GA@CATOOSA,20192,1116,46107,70906,138321
GA@CHARLTON,3020,110,6494,9858,19482
GA@CHATHAM,245510,3632,202514,155886,607542
GA@CHATTAHOOCHEE,1774,48,1917,2012,5751
GA@CHATTOOGA,5714,344,14506,22954,43518
GA@CHEROKEE,134254,7666,223573,305226,670719
GA@CLARKE,111918,1600,77311,41104,231933
GA@CLAY,2216,40,2141,2026,6423
GA@CLAYTON,278776,2180,157972,34988,473916
GA@CLINCH,1804,70,4081,6288,12243
GA@COBB,685462,16944,589918,477430,1769754
GA@COFFEE,12730,378,22851,32594,68553
GA@COLQUITT,11514,384,24017,36136,72051
GA@COLUMBIA,89216,2514,122368,153006,367104
GA@COOK,5898,192,10678,15266,32034
GA@COWETA,75338,3348,115965,153244,347895
GA@CRAWFORD,5052,156,9240,13272,27720
GA@CRISP,8398,168,12073,15580,36219
GA@DADE,3794,254,10917,17786,32751
GA@DAWSON,8760,816,26139,42702,78417
GA@DECATUR,12782,206,16807,20626,50421
GA@DEKALB,975382,9716,570686,156274,1712058
GA@DODGE,6520,146,12862,19058,38586
GA@DOOLY,5738,64,6330,6858,18990
GA@DOUGHERTY,72884,512,51544,29692,154632
GA@DOUGLAS,133114,1998,101287,67462,303861
GA@EARLY,6606,56,7550,8438,22650
GA@ECHOLS,376,46,2009,3596,6027
GA@EFFINGHAM,24916,1208,47961,69798,143883
GA@ELBERT,8042,180,13959,19696,41877
GA@EMANUEL,8496,116,14668,20724,44004
GA@EVANS,3812,108,6446,8972,19338
GA@FANNIN,8552,580,23718,38304,71154
GA@FAYETTE,109736,2992,113613,114498,340839
GA@FLOYD,35036,1626,60227,83792,180681
GA@FORSYTH,126570,5976,190581,248616,571743
GA@FRANKLIN,4486,328,16707,28600,50121
GA@FULTON,1179352,15708,786462,377864,2359386
GA@GILMER,9750,650,26750,43100,80250
GA@GLASCOCK,436,22,2518,4578,7554
GA@GLYNN,46470,1194,63467,79270,190401
GA@GORDON,12778,950,35874,58020,107622
GA@GRADY,10044,200,15827,21410,47481
GA@GREENE,13856,312,20103,26038,60309
GA@GWINNETT,681508,14648,563702,431248,1691106
GA@HABERSHAM,11204,956,32257,52354,96771
GA@HALL,74044,4332,138302,198228,414906
GA@HANCOCK,9458,60,6658,3798,19974
GA@HARALSON,5742,616,22019,37680,66057
GA@HARRIS,17878,676,32490,46426,97470
GA@HART,9186,388,20273,30972,60819
GA@HEARD,2628,186,8487,14160,25461
GA@HENRY,231888,3308,178515,121834,535545
GA@HOUSTON,100524,2190,113033,123352,339099
GA@IRWIN,2926,92,6537,10056,19611
GA@JACKSON,24716,1646,59173,91984,177519
GA@JASPER,5606,240,12443,19040,37329
GA@JEFF DAVIS,2960,104,8741,14418,26223
GA@JEFFERSON,12474,108,12228,11874,36684
GA@JENKINS,3572,50,5284,6946,15852
GA@JOHNSON,3672,34,6756,9806,20268
GA@JONES,15468,382,23516,31182,70548
GA@LAMAR,8294,316,14631,20652,43893
GA@LANIER,2852,76,5076,7224,15228
GA@LAURENS,24690,310,35928,46856,107784
GA@LEE,14682,442,25840,36556,77520
GA@LIBERTY,37650,528,29600,21022,88800
GA@LINCOLN,4240,98,7676,11014,23028
GA@LONG,6040,190,8319,10408,24957
GA@LOWNDES,53950,1100,66186,77322,198558
GA@LUMPKIN,9756,738,24017,37540,72051
GA@MACON,8908,64,7307,5642,21921
GA@MADISON,11152,524,23885,36094,71655
GA@MARION,4094,132,5518,6810,16554
GA@MCDUFFIE,12192,262,16011,19568,48033
GA@MCINTOSH,8126,190,10683,13050,32049
GA@MERIWETHER,13216,350,17139,20712,51417
GA@MILLER,1902,44,4083,6220,12249
GA@MITCHELL,11502,162,13534,15404,40602
GA@MONROE,14692,510,26292,37382,78876
GA@MONTGOMERY,2986,68,6263,9472,18789
GA@MORGAN,10826,348,19760,28346,59280
GA@MURRAY,5744,398,21701,37260,65103
GA@MUSCOGEE,144696,1774,114164,81858,342492
GA@NEWTON,93408,1566,80699,66424,242097
GA@OCONEE,27174,1230,42426,56448,127278
GA@OGLETHORPE,7826,304,13043,17956,39129
GA@PAULDING,93748,3270,125586,154154,376758
GA@PEACH,18268,286,19184,19814,57552
GA@PICKENS,9888,728,28344,46072,85032
GA@PIERCE,3100,126,13867,24508,41601
GA@PIKE,4884,382,18039,30812,54117
GA@POLK,10530,686,25540,39864,76620
GA@PULASKI,3976,90,6557,9048,19671
GA@PUTNAM,11086,382,19492,27516,58476
GA@QUITMAN,1416,26,1709,1976,5127
GA@RABUN,7020,446,15655,23844,46965
GA@RANDOLPH,5434,46,4956,4432,14868
GA@RICHMOND,170758,1760,123764,75010,371292
GA@ROCKDALE,98710,1148,66403,32948,199209
GA@SCHLEY,1460,38,3596,5694,10788
GA@SCREVEN,7838,146,10182,12380,30546
GA@SEMINOLE,3240,88,5771,8214,17313
GA@SPALDING,37326,1070,45789,53182,137367
GA@STEPHENS,6848,394,17697,28152,53091
GA@STEWART,3630,26,3000,2344,9000
GA@SUMTER,19086,192,18432,17586,55296
GA@TALBOT,6586,86,5515,4358,16545
GA@TALIAFERRO,1828,8,1512,1188,4536
GA@TATTNALL,5930,218,12502,18856,37506
GA@TAYLOR,4540,70,6204,7798,18612
GA@TELFAIR,4138,56,6619,9044,19857
GA@TERRELL,7362,78,6986,6532,20958
GA@THOMAS,24944,526,32648,39826,97944
GA@TIFT,15348,352,25014,34328,75042
GA@TOOMBS,8068,200,16212,24156,48636
GA@TOWNS,5284,358,13590,21538,40770
GA@TREUTLEN,2788,24,4771,6730,14313
GA@TROUP,34290,852,44265,53388,132795
GA@TURNER,4400,84,5879,7274,17637
GA@TWIGGS,6368,90,6914,7370,20742
GA@UNION,10094,756,26825,42800,80475
GA@UPSON,12090,412,18979,25456,56937
GA@WALKER,16564,1062,41394,65162,124182
GA@WALTON,41582,2008,80495,117400,241485
GA@WARE,11674,322,20570,29144,61710
GA@WARREN,4360,50,4171,3932,12513
GA@WASHINGTON,15094,132,15184,15142,45552
GA@WAYNE,7912,272,19214,30244,57642
GA@WEBSTER,1724,14,2161,2584,6483
GA@WHEELER,2052,34,3540,4994,10620
GA@WHITE,7926,696,23982,39342,71946
GA@WHITFIELD,25930,1194,50675,74226,152025
GA@WILCOX,2518,44,4993,7424,14979
GA@WILKES,6578,92,7965,9260,23895
GA@WILKINSON,6812,86,7826,8754,23478
GA@WORTH,7202,200,14214,21026,42642
HI@HAWAII,46096,798,1184,15156,63525
HI@HONOLULU,190178,2991,3557,74265,271246
HI@KAUAI,16974,312,452,5711,23474
HI@MAUI,37646,815,1156,11226,50903
IA@ADAIR,1774,,52,4558,6384
IA@ADAMS,934,,92,2334,3360
IA@ALLAMAKEE,3868,,220,7612,11700
IA@APPANOOSE,2698,,58,6714,9470
IA@AUDUBON,1520,,128,3322,4970
IA@BENTON,7646,,258,15004,22908
IA@BLACK HAWK,48072,,690,46266,95028
IA@BOONE,9236,,404,12912,22552
IA@BREMER,8690,,334,13282,22306
IA@BUCHANAN,6142,,310,10170,16622
IA@BUENA VISTA,3036,,278,7060,10374
IA@BUTLER,3338,,200,8668,12206
IA@CALHOUN,2054,,248,5706,8008
IA@CARROLL,4654,,454,11546,16654
IA@CASS,3004,,240,7396,10640
IA@CEDAR,6212,,150,9612,15974
IA@CERRO GORDO,15288,,570,18520,34378
IA@CHEROKEE,2318,,228,6676,9222
IA@CHICKASAW,3330,,174,6552,10056
IA@CLARKE,2010,,180,4664,6854
IA@CLAY,3590,,364,9156,13110
IA@CLAYTON,5024,,114,9678,14816
IA@CLINTON,14426,,354,19190,33970
IA@CRAWFORD,2202,,276,6578,9056
IA@DALLAS,41514,,1648,46572,89734
IA@DAVIS,1528,,190,4412,6130
IA@DECATUR,1588,,150,3888,5626
IA@DELAWARE,4420,,110,10846,15376
IA@DES MOINES,11672,,806,14706,27184
IA@DICKINSON,4918,,92,11642,16652
IA@DUBUQUE,36040,,818,41524,78382
IA@EMMET,1870,,212,4782,6864
IA@FAYETTE,5488,,122,9568,15178
IA@FLOYD,4494,,172,6930,11596
IA@FRANKLIN,2050,,142,5116,7308
IA@FREMONT,1470,,136,3722,5328
IA@GREENE,2436,,226,4680,7342
IA@GRUNDY,2924,,84,7818,10826
IA@GUTHRIE,3098,,172,6896,10166
IA@HAMILTON,3890,,164,7514,11568
IA@HANCOCK,2388,,160,6296,8844
IA@HARDIN,4088,,118,9078,13284
IA@HARRISON,3096,,268,7778,11142
IA@HENRY,4522,,324,9204,14050
IA@HOWARD,2442,,122,4252,6816
IA@HUMBOLDT,1862,,158,5792,7812
IA@IDA,1176,,126,4260,5562
IA@IOWA,5078,,382,9606,15066
IA@JACKSON,5632,,442,9632,15706
IA@JASPER,11316,,276,18596,30188
IA@JEFFERSON,6428,,476,6526,13430
IA@JOHNSON,90832,,724,36490,128046
IA@JONES,6082,,134,10236,16452
IA@KEOKUK,1898,,210,5622,7730
IA@KOSSUTH,3850,,138,9562,13550
IA@LEE,8952,,170,13928,23050
IA@LINN,102016,,1140,85102,188258
IA@LOUISA,2076,,164,4882,7122
IA@LUCAS,1874,,60,5026,6960
IA@LYON,1324,,174,8554,10052
IA@MADISON,4810,,250,10128,15188
IA@MAHASKA,3872,,412,12098,16382
IA@MARION,8682,,668,19598,28948
IA@MARSHALL,10120,,226,14614,24960
IA@MILLS,3308,,216,7874,11398
IA@MITCHELL,2958,,76,5522,8556
IA@MONONA,1758,,226,4752,6736
IA@MONROE,1524,,196,4270,5990
IA@MONTGOMERY,2008,,150,5018,7176
IA@MUSCATINE,11100,,248,15246,26594
IA@O'BRIEN,1944,,202,8722,10868
IA@OSCEOLA,692,,118,3846,4656
IA@PAGE,2770,,142,7414,10326
IA@PALO ALTO,1988,,98,5172,7258
IA@PLYMOUTH,4106,,362,15300,19768
IA@POCAHONTAS,1316,,122,4316,5754
IA@POLK,214956,,3122,166558,384636
IA@POTTAWATTAMIE,22346,,456,35570,58372
IA@POWESHIEK,6348,,348,8650,15346
IA@RINGGOLD,1112,,118,2968,4198
IA@SAC,1828,,158,5998,7984
IA@SCOTT,61310,,804,65910,128024
IA@SHELBY,2426,,258,6802,9486
IA@SIOUX,3388,,384,24796,28568
IA@STORY,42044,,570,31740,74354
IA@TAMA,4746,,106,8482,13334
IA@TAYLOR,974,,140,3528,4642
IA@UNION,2928,,236,6070,9234
IA@VAN BUREN,1342,,90,4194,5626
IA@WAPELLO,7674,,330,13202,21206
IA@WARREN,19268,,810,28104,48182
IA@WASHINGTON,6470,,378,10900,17748
IA@WAYNE,1028,,68,3720,4816
IA@WEBSTER,8488,,370,15408,24266
IA@WINNEBAGO,2956,,156,5762,8874
IA@WINNESHIEK,8954,,354,10188,19496
IA@WOODBURY,20818,,558,36322,57698
IA@WORTH,2366,,118,4062,6546
IA@WRIGHT,2536,,140,5964,8640
ID@ADA,76656,1174,19112,87579,184521
ID@ADAMS,367,13,206,1425,2011
ID@BANNOCK,9054,233,1676,14480,25443
ID@BEAR LAKE,196,20,157,1871,2244
ID@BENEWAH,503,38,261,2662,3464
ID@BINGHAM,1750,75,994,9491,12310
ID@BLAINE,6006,127,435,3121,9689
ID@BOISE,673,31,561,2172,3437
ID@BONNER,5467,144,1802,13348,20761
ID@BONNEVILLE,7866,226,2768,24579,35439
ID@BOUNDARY,732,33,496,3939,5200
ID@BUTTE,114,9,87,783,993
ID@CAMAS,95,4,50,367,516
ID@CANYON,12961,435,8275,36558,58229
ID@CARIBOU,205,13,163,1735,2116
ID@CASSIA,584,41,552,4619,5796
ID@CLARK,19,2,24,161,206
ID@CLEARWATER,526,14,191,2389,3120
ID@CUSTER,359,11,192,1447,2009
ID@ELMORE,1334,62,829,4380,6605
ID@FRANKLIN,302,23,392,3588,4305
ID@FREMONT,480,27,334,3399,4240
ID@GEM,1076,71,1306,5118,7571
ID@GOODING,609,32,465,2941,4047
ID@IDAHO,962,50,712,5741,7465
ID@JEFFERSON,836,54,808,7396,9094
ID@JEROME,803,33,523,3506,4865
ID@KOOTENAI,13404,369,6351,42115,62239
ID@LATAH,6881,125,494,7484,14984
ID@LEMHI,674,33,257,2690,3654
ID@LEWIS,176,2,84,1097,1359
ID@LINCOLN,221,12,103,978,1314
ID@MADISON,972,57,714,6533,8276
ID@MINIDOKA,592,32,465,3623,4712
ID@NEZ PERCE,3628,93,739,8986,13446
ID@ONEIDA,117,11,143,1330,1601
ID@OWYHEE,411,39,449,2376,3275
ID@PAYETTE,1079,39,960,5509,7587
ID@POWER,420,18,106,1428,1972
ID@SHOSHONE,1005,31,215,2858,4109
ID@TETON,2375,32,179,2100,4686
ID@TWIN FALLS,4780,180,2989,14914,22863
ID@VALLEY,1974,37,380,2829,5220
ID@WASHINGTON,564,21,418,2894,3897
IL@ADAMS,,351,6244,18341,24936
IL@ALEXANDER,,13,764,930,1707
IL@BOND,,139,2061,4193,6393
IL@BOONE,,337,7023,10157,17517
IL@BROWN,,28,394,1475,1897
IL@BUREAU,,213,5028,7429,12670
IL@CALHOUN,,57,789,1485,2331
IL@CARROLL,,110,2039,3804,5953
IL@CASS,,91,1260,2581,3932
IL@CHAMPAIGN,,1247,40756,25791,67794
IL@CHRISTIAN,,330,3865,8222,12417
IL@CLARK,,91,1480,4745,6316
IL@CLAY,,101,1082,4554,5737
IL@CLINTON,,255,3856,10662,14773
IL@COLES,,293,5924,10270,16487
IL@COOK,,20282,1080193,341447,1441922
IL@CRAWFORD,,158,1685,5100,6943
IL@CUMBERLAND,,79,1077,3607,4763
IL@DE WITT,,144,1784,4152,6080
IL@DEKALB,,747,17688,16063,34498
IL@DOUGLAS,,121,1801,4529,6451
IL@DUPAGE,,5814,194610,141316,341740
IL@EDGAR,,108,1583,4361,6052
IL@EDWARDS,,55,448,2280,2783
IL@EFFINGHAM,,243,3190,12409,15842
IL@FAYETTE,,137,1678,6190,8005
IL@FORD,,127,1386,3621,5134
IL@FRANKLIN,,228,3908,9545,13681
IL@FULTON,,313,5685,7009,13007
IL@GALLATIN,,39,753,1373,2165
IL@GREENE,,82,1144,3297,4523
IL@GRUNDY,,419,7685,11266,19370
IL@HAMILTON,,52,844,2502,3398
IL@HANCOCK,,150,1875,5177,7202
IL@HARDIN,,28,402,1220,1650
IL@HENDERSON,,76,1020,1813,2909
IL@HENRY,,389,7430,11833,19652
IL@IROQUOIS,,198,2222,8018,10438
IL@JACKSON,,287,9109,7693,17089
IL@JASPER,,70,860,3645,4575
IL@JEFFERSON,,222,3731,9163,13116
IL@JERSEY,,210,2648,6402,9260
IL@JO DAVIESS,,167,3943,5355,9465
IL@JOHNSON,,71,1052,3690,4813
IL@KANE,,2693,86477,68771,157941
IL@KANKAKEE,,767,14819,19522,35108
IL@KENDALL,,820,23151,21294,45265
IL@KNOX,,364,8072,9130,17566
IL@LAKE,,3295,138589,87529,229413
IL@LASALLE,,698,18076,20804,39578
IL@LAWRENCE,,102,1178,3745,5025
IL@LEE,,204,4685,7113,12002
IL@LIVINGSTON,,224,3554,9020,12798
IL@LOGAN,,273,2887,6508,9668
IL@MACON,,627,14574,20042,35243
IL@MACOUPIN,,346,6377,11025,17748
IL@MADISON,,1883,44273,51858,98014
IL@MARION,,219,3407,9272,12898
IL@MARSHALL,,100,1641,2997,4738
IL@MASON,,93,1739,3135,4967
IL@MASSAC,,71,1317,3474,4862
IL@MCDONOUGH,,159,3793,5434,9386
IL@MCHENRY,,2321,56055,57974,116350
IL@MCLEAN,,1286,32188,31353,64827
IL@MENARD,,160,1655,3469,5284
IL@MERCER,,228,2559,3945,6732
IL@MONROE,,233,5197,10240,15670
IL@MONTGOMERY,,228,3407,6954,10589
IL@MORGAN,,251,3656,7120,11027
IL@MOULTRIE,,108,1448,3694,5250
IL@OGLE,,377,6920,12105,19402
IL@PEORIA,,1074,30890,27071,59035
IL@PERRY,,121,2433,5205,7759
IL@PIATT,,175,2783,4657,7615
IL@PIKE,,105,1308,4611,6024
IL@POPE,,24,357,1265,1646
IL@PULASKI,,25,730,1231,1986
IL@PUTNAM,,48,1233,1464,2745
IL@RANDOLPH,,189,3527,7611,11327
IL@RICHLAND,,135,1462,4608,6205
IL@ROCK ISLAND,,955,26469,20548,47972
IL@SALINE,,135,2358,5554,8047
IL@SANGAMON,,2220,38057,39389,79666
IL@SCHUYLER,,88,1007,2027,3122
IL@SCOTT,,30,465,1588,2083
IL@SHELBY,,186,2304,7177,9667
IL@ST. CLAIR,,1633,47635,39335,88603
IL@STARK,,69,742,1499,2310
IL@STEPHENSON,,337,6914,9393,16644
IL@TAZEWELL,,1067,19022,31135,51224
IL@UNION,,132,2319,4514,6965
IL@VERMILION,,382,7445,14135,21962
IL@WABASH,,57,899,3083,4039
IL@WARREN,,111,2198,3545,5854
IL@WASHINGTON,,114,1425,4424,5963
IL@WAYNE,,99,1056,5610,6765
IL@WHITE,,88,1275,4316,5679
IL@WHITESIDE,,380,8772,10792,19944
IL@WILL,,3551,122189,107581,233321
IL@WILLIAMSON,,380,8067,16665,25112
IL@WINNEBAGO,,1646,43384,42972,88002
IL@WOODFORD,,313,4752,11808,16873
IN@ADAMS,1841,195,,6914,8950
IN@ALLEN,39913,2612,44,59128,101697
IN@BARTHOLOMEW,7623,1033,21,13827,22504
IN@BENTON,469,60,,1938,2467
IN@BLACKFORD,740,154,,2500,3394
IN@BOONE,9159,1452,17,14178,24806
IN@BROWN,2113,429,17,3796,6355
IN@CARROLL,1267,270,,4644,6181
IN@CASS,2081,257,,6250,8588
IN@CLARK,13061,949,30,22389,36429
IN@CLAY,1507,250,,5885,7642
IN@CLINTON,1606,324,1,5362,7293
IN@CRAWFORD,983,91,1,2630,3705
IN@DAVIESS,1059,168,6,5754,6987
IN@DEARBORN,2628,312,18,11309,14267
IN@DECATUR,1381,482,3,6184,8050
IN@DEKALB,2773,371,4,8584,11732
IN@DELAWARE,11867,1049,,17162,30078
IN@DUBOIS,3502,304,3,9906,13715
IN@ELKHART,12635,1005,160,30852,44652
IN@FAYETTE,1274,166,4,4720,6164
IN@FLOYD,10313,622,29,15948,26912
IN@FOUNTAIN,945,145,2,3891,4983
IN@FRANKLIN,1236,208,,5923,7367
IN@FULTON,1162,128,6,4224,5520
IN@GIBSON,2205,163,18,7612,9998
IN@GRANT,3927,497,2,11383,15809
IN@GREENE,2098,315,,7033,9446
IN@HAMILTON,52873,5784,157,70412,129226
IN@HANCOCK,6685,1791,14,15455,23945
IN@HARRISON,3315,363,4,10150,13832
IN@HENDRICKS,16404,3175,32,28965,48576
IN@HENRY,3338,761,11,9388,13498
IN@HOWARD,7289,819,,16738,24846
IN@HUNTINGTON,2508,328,6,8465,11307
IN@JACKSON,2219,401,8,8612,11240
IN@JASPER,1982,201,5,7050,9238
IN@JAY,1182,143,1,4084,5410
IN@JEFFERSON,3059,240,1,6503,9803
IN@JENNINGS,1532,417,,5992,7941
IN@JOHNSON,13080,2637,41,29129,44887
IN@KNOX,2369,277,,7468,10114
IN@KOSCIUSKO,3927,885,28,17808,22648
IN@LAGRANGE,1229,141,6,5223,6599
IN@LAKE,73866,2308,93,57426,133693
IN@LAPORTE,13920,763,,17279,31962
IN@LAWRENCE,2622,448,2,9700,12772
IN@MADISON,12470,1811,19,21536,35836
IN@MARION,136473,8963,132,78138,223706
IN@MARSHALL,2979,318,13,9471,12781
IN@MARTIN,666,138,,2691,3495
IN@MIAMI,1713,280,2,6524,8519
IN@MONROE,24777,1159,14,14286,40236
IN@MONTGOMERY,2219,466,5,7063,9753
IN@MORGAN,4366,1875,20,15004,21265
IN@NEWTON,837,113,,3032,3982
IN@NOBLE,2425,342,13,8696,11476
IN@OHIO,422,41,,1458,1921
IN@ORANGE,1132,167,,4083,5382
IN@OWEN,1518,425,,4230,6173
IN@PARKE,873,139,,3469,4481
IN@PERRY,2233,152,,3838,6223
IN@PIKE,806,68,,2771,3645
IN@PORTER,26643,1134,46,30158,57981
IN@POSEY,2224,177,10,6316,8727
IN@PULASKI,784,104,,2847,3735
IN@PUTNAM,2254,719,1,6954,9928
IN@RANDOLPH,1426,225,,5235,6886
IN@RIPLEY,1475,249,,6608,8332
IN@RUSH,965,311,1,3586,4863
IN@SCOTT,1864,184,2,4782,6832
IN@SHELBY,2704,815,,7991,11510
IN@SPENCER,2087,160,4,5347,7598
IN@ST JOSEPH,33013,1327,55,37276,71671
IN@STARKE,1724,190,1,4955,6870
IN@STEUBEN,2479,275,1,6921,9676
IN@SULLIVAN,1564,210,,4544,6318
IN@SWITZERLAND,608,79,,1956,2643
IN@TIPPECANOE,17984,1029,29,19616,38658
IN@TIPTON,1148,290,,3822,5260
IN@UNION,472,68,,1946,2486
IN@VANDERBURGH,18886,843,132,27255,47116
IN@VERMILLION,1541,133,,3386,5060
IN@VIGO,10639,658,5,15559,26861
IN@WABASH,2046,277,2,7530,9855
IN@WARREN,544,83,,2187,2814
IN@WARRICK,6251,347,52,13456,20106
IN@WASHINGTON,1615,241,3,6119,7978
IN@WAYNE,5176,490,49,10875,16590
IN@WELLS,1576,248,5,7317,9146
IN@WHITE,1601,156,,4972,6729
IN@WHITLEY,2442,442,50,8586,11520
KS@ALLEN,984,124,,3014,4122
KS@ANDERSON,505,105,,2291,2901
KS@ATCHISON,1413,137,,3936,5486
KS@BARBER,169,47,,1521,1737
KS@BARTON,1232,214,,6626,8072
KS@BOURBON,1050,176,,3561,4787
KS@BROWN,646,119,,2588,3353
KS@BUTLER,5987,726,,16962,23675
KS@CHASE,245,34,,898,1177
KS@CHAUTAUQUA,151,31,,991,1173
KS@CHEROKEE,1492,199,,4716,6407
KS@CHEYENNE,112,24,,903,1039
KS@CLARK,95,34,,725,854
KS@CLAY,479,107,,2711,3297
KS@CLOUD,530,104,,2575,3209
KS@COFFEY,574,130,,2733,3437
KS@COMANCHE,67,25,,652,744
KS@COWLEY,2867,382,,7362,10611
KS@CRAWFORD,4276,367,,7154,11797
KS@DECATUR,114,29,,986,1129
KS@DICKINSON,1239,227,,5446,6912
KS@DONIPHAN,405,74,,2159,2638
KS@DOUGLAS,31415,1245,,14501,47161
KS@EDWARDS,139,27,,923,1089
KS@ELK,132,39,,891,1062
KS@ELLIS,2236,362,,7920,10518
KS@ELLSWORTH,359,64,,1821,2244
KS@FINNEY,1793,205,,5162,7160
KS@FORD,1452,164,,4350,5966
KS@FRANKLIN,2505,329,,6678,9512
KS@GEARY,2038,214,,3799,6051
KS@GOVE,86,21,,1049,1156
KS@GRAHAM,109,48,,845,1002
KS@GRANT,206,38,,1362,1606
KS@GRAY,179,47,,1476,1702
KS@GREELEY,38,13,,402,453
KS@GREENWOOD,371,78,,1863,2312
KS@HAMILTON,63,7,,529,599
KS@HARPER,248,60,,1665,1973
KS@HARVEY,4325,357,,8127,12809
KS@HASKELL,103,21,,862,986
KS@HODGEMAN,78,16,,700,794
KS@JACKSON,1122,192,,3791,5105
KS@JEFFERSON,2160,226,,5208,7594
KS@JEWELL,117,33,,1055,1205
KS@JOHNSON,129199,,7137,125715,262051
KS@KEARNY,85,19,,847,951
KS@KINGMAN,500,67,,2527,3094
KS@KIOWA,82,29,,825,936
KS@LABETTE,1725,186,,4021,5932
KS@LANE,57,19,,596,672
KS@LEAVENWORTH,9444,843,,16570,26857
KS@LINCOLN,128,50,,1020,1198
KS@LINN,593,105,,3017,3715
KS@LOGAN,82,25,,979,1086
KS@LYON,3549,300,,6203,10052
KS@MARION,901,111,,3801,4813
KS@MARSHALL,755,87,,3043,3885
KS@MCPHERSON,2593,293,,8268,11154
KS@MEADE,123,34,,1154,1311
KS@MIAMI,3574,404,,9475,13453
KS@MITCHELL,291,58,,2023,2372
KS@MONTGOMERY,2105,294,,7117,9516
KS@MORRIS,436,69,,1724,2229
KS@MORTON,62,34,,696,792
KS@NEMAHA,543,105,,3931,4579
KS@NEOSHO,1194,155,,3751,5100
KS@NESS,64,31,,1057,1152
KS@NORTON,200,41,,1551,1792
KS@OSAGE,1320,214,,4716,6250
KS@OSBORNE,133,61,,1245,1439
KS@OTTAWA,280,109,,1986,2375
KS@PAWNEE,376,78,,1691,2145
KS@PHILLIPS,156,55,,1988,2199
KS@POTTAWATOMIE,2073,266,,8113,10452
KS@PRATT,591,99,,2419,3109
KS@RAWLINS,109,36,,1010,1155
KS@RENO,5467,717,,14459,20643
KS@REPUBLIC,244,75,,1647,1966
KS@RICE,494,92,,2510,3096
KS@RILEY,7950,439,,9761,18150
KS@ROOKS,183,127,,1775,2085
KS@RUSH,130,47,,1157,1334
KS@RUSSELL,327,101,,2263,2691
KS@SALINE,4780,666,,12174,17620
KS@SCOTT,131,55,,1517,1703
KS@SEDGWICK,58815,4446,,90856,154117
KS@SEWARD,722,92,,2127,2941
KS@SHAWNEE,28051,2068,,35517,65636
KS@SHERIDAN,65,30,,954,1049
KS@SHERMAN,227,92,,1726,2045
KS@SMITH,171,60,,1410,1641
KS@STAFFORD,189,61,,1320,1570
KS@STANTON,41,15,,453,509
KS@STEVENS,115,26,,1256,1397
KS@SUMNER,1692,281,,5896,7869
KS@THOMAS,355,74,,2457,2886
KS@TREGO,123,34,,1105,1262
KS@WABAUNSEE,596,121,,2625,3342
KS@WALLACE,30,24,,618,672
KS@WASHINGTON,190,36,,2014,2240
KS@WICHITA,64,22,,627,713
KS@WILSON,535,82,,2705,3322
KS@WOODSON,187,55,,938,1180
KS@WYANDOTTE,21111,,1193,12541,34845
KY@ADAIR,1075,,,5249,6324
KY@ALLEN,1171,,,4931,6102
KY@ANDERSON,2691,,,6687,9378
KY@BALLARD,639,,,2488,3127
KY@BARREN,3845,,,10298,14143
KY@BATH,1404,,2,2827,4233
KY@BELL,1375,,,5420,6795
KY@BOONE,14409,,11,30898,45318
KY@BOURBON,2429,,8,4381,6818
KY@BOYD,5098,,,9071,14169
KY@BOYLE,4021,,1,6304,10326
KY@BRACKEN,756,,,2478,3234
KY@BREATHITT,1267,,,2285,3552
KY@BRECKINRIDGE,1723,,,5076,6799
KY@BULLITT,6895,,2,17945,24842
KY@BUTLER,766,,,3429,4195
KY@CALDWELL,1104,,,3580,4684
KY@CALLOWAY,3934,,1,7906,11841
KY@CAMPBELL,14812,,3,20849,35664
KY@CARLISLE,377,,1,1750,2128
KY@CARROLL,886,,,1992,2878
KY@CARTER,2383,,1,5792,8176
KY@CASEY,751,,1,4396,5148
KY@CHRISTIAN,5210,,,10255,15465
KY@CLARK,4533,,2,8270,12805
KY@CLAY,687,,,4238,4925
KY@CLINTON,409,,,3016,3425
KY@CRITTENDEN,534,,,2540,3074
KY@CUMBERLAND,355,,,2123,2478
KY@DAVIESS,11906,,2,20998,32906
KY@EDMONSON,957,,,3309,4266
KY@ELLIOTT,658,,,1406,2064
KY@ESTILL,1110,,,3511,4621
KY@FAYETTE,64467,,42,42041,106550
KY@FLEMING,1254,,,3803,5057
KY@FLOYD,4000,,1,7636,11637
KY@FRANKLIN,10589,,3,9570,20162
KY@FULTON,445,,,1087,1532
KY@GALLATIN,788,,,2224,3012
KY@GARRARD,1347,,,4560,5907
KY@GRANT,1592,,2,5847,7441
KY@GRAVES,2575,,4,9514,12093
KY@GRAYSON,1687,,1,6229,7917
KY@GREEN,655,,,3658,4313
KY@GREENUP,3735,,,8899,12634
KY@HANCOCK,1034,,,2223,3257
KY@HARDIN,11459,,14,19413,30886
KY@HARLAN,1333,,,6386,7719
KY@HARRISON,2030,,5,4624,6659
KY@HART,1602,,,4624,6226
KY@HENDERSON,5233,,,8765,13998
KY@HENRY,1810,,1,4228,6039
KY@HICKMAN,283,,,1264,1547
KY@HOPKINS,4204,,,10592,14796
KY@JACKSON,385,,,3283,3668
KY@JEFFERSON,164131,,31,113726,277888
KY@JESSAMINE,5732,,,11569,17301
KY@JOHNSON,1084,,,4559,5643
KY@KENTON,21096,,5,30057,51158
KY@KNOTT,1540,,,3252,4792
KY@KNOX,1516,,4,6457,7977
KY@LARUE,1250,,,3955,5205
KY@LAUREL,3096,,1,14474,17571
KY@LAWRENCE,948,,,3179,4127
KY@LEE,423,,,1648,2071
KY@LESLIE,371,,1,2509,2881
KY@LETCHER,1854,,,3873,5727
KY@LEWIS,572,,,3259,3831
KY@LINCOLN,1715,,1,5687,7403
KY@LIVINGSTON,606,,1,2609,3216
KY@LOGAN,2268,,,6240,8508
KY@LYON,874,,,2356,3230
KY@MADISON,11420,,6,18593,30019
KY@MAGOFFIN,1472,,,3404,4876
KY@MARION,2112,,2,3782,5896
KY@MARSHALL,3054,,1,9875,12930
KY@MARTIN,358,,,2241,2599
KY@MASON,1927,,,3879,5806
KY@MCCRACKEN,7466,,2,15294,22762
KY@MCCREARY,629,,,3738,4367
KY@MCLEAN,874,,,2760,3634
KY@MEADE,2672,,2,6881,9555
KY@MENIFEE,679,,,1586,2265
KY@MERCER,2308,,,5980,8288
KY@METCALFE,952,,,3047,3999
KY@MONROE,451,,,3356,3807
KY@MONTGOMERY,2834,,,6152,8986
KY@MORGAN,1127,,,2894,4021
KY@MUHLENBERG,3137,,1,7062,10200
KY@NELSON,5787,,1,11205,16993
KY@NICHOLAS,824,,,1649,2473
KY@OHIO,1660,,1,5617,7278
KY@OLDHAM,10295,,4,15998,26297
KY@OWEN,958,,,2937,3895
KY@OWSLEY,292,,,1467,1759
KY@PENDLETON,1051,,,3841,4892
KY@PERRY,2250,,,5212,7462
KY@PIKE,4067,,1,11667,15735
KY@POWELL,1089,,,2503,3592
KY@PULASKI,4177,,,17000,21177
KY@ROBERTSON,295,,,684,979
KY@ROCKCASTLE,761,,,4020,4781
KY@ROWAN,3180,,1,4235,7416
KY@RUSSELL,985,,,5422,6407
KY@SCOTT,8198,,3,12302,20503
KY@SHELBY,6194,,6,11606,17806
KY@SIMPSON,1763,,,3975,5738
KY@SPENCER,1889,,1,5844,7734
KY@TAYLOR,2244,,1,6751,8996
KY@TODD,814,,,2681,3495
KY@TRIGG,1396,,2,4057,5455
KY@TRIMBLE,795,,1,2394,3190
KY@UNION,1193,,,3688,4881
KY@WARREN,15403,,4,22951,38358
KY@WASHINGTON,1464,,,3492,4956
KY@WAYNE,1310,,,5021,6331
KY@WEBSTER,1054,,,3158,4212
KY@WHITLEY,1822,,,8221,10043
KY@WOLFE,853,,,1400,2253
KY@WOODFORD,5023,,1,6227,11251
LA@ACADIA,3033,47,343,16224,19647
LA@ALLEN,1080,16,116,5174,6386
LA@ASCENSION,11853,162,494,28267,40776
LA@ASSUMPTION,2221,11,141,5282,7655
LA@AVOYELLES,2911,23,190,8298,11422
LA@BEAUREGARD,1343,42,158,9287,10830
LA@BIENVILLE,1838,7,127,2797,4769
LA@BOSSIER,7334,110,336,24401,32181
LA@CADDO,30167,285,1211,34686,66349
LA@CALCASIEU,14263,260,859,38291,53673
LA@CALDWELL,385,3,45,2786,3219
LA@CAMERON,157,5,31,2254,2447
LA@CATAHOULA,850,7,63,2648,3568
LA@CLAIBORNE,1332,6,96,2991,4425
LA@CONCORDIA,1803,12,75,4057,5947
LA@DE SOTO,2715,20,111,6401,9247
LA@EAST BATON ROUGE,69868,569,1611,65031,137079
LA@EAST CARROLL,1053,10,56,864,1983
LA@EAST FELICIANA,2635,19,120,4656,7430
LA@EVANGELINE,2579,24,377,8136,11116
LA@FRANKLIN,1121,9,50,4969,6149
LA@GRANT,589,18,57,5686,6350
LA@IBERIA,5163,43,295,14131,19632
LA@IBERVILLE,5477,28,242,6407,12154
LA@JACKSON,1446,14,87,4123,5670
LA@JEFFERSON,44989,439,1649,71106,118183
LA@JEFFERSON DAVIS,1697,25,164,8223,10109
LA@LA SALLE,345,3,40,4595,4983
LA@LAFAYETTE,21065,325,1156,49898,72444
LA@LAFOURCHE,4841,79,518,24739,30177
LA@LINCOLN,4028,41,165,8349,12583
LA@LIVINGSTON,5353,226,498,36194,42271
LA@MADISON,1198,2,56,1470,2726
LA@MOREHOUSE,2513,7,118,4551,7189
LA@NATCHITOCHES,3384,20,151,6739,10294
LA@ORLEANS,90033,436,1610,18906,110985
LA@OUACHITA,12998,102,568,29384,43052
LA@PLAQUEMINES,2098,35,177,5559,7869
LA@POINTE COUPEE,3262,15,166,6188,9631
LA@RAPIDES,10654,124,569,27732,39079
LA@RED RIVER,684,8,34,1762,2488
LA@RICHLAND,1690,10,128,4891,6719
LA@SABINE,882,19,115,6472,7488
LA@ST. BERNARD,3330,40,162,7207,10739
LA@ST. CHARLES,5472,63,218,12263,18016
LA@ST. HELENA,1949,7,117,2097,4170
LA@ST. JAMES,4118,12,126,4582,8838
LA@ST. JOHN THE BAPTIST,6779,35,203,4626,11643
LA@ST. LANDRY,9473,57,660,16752,26942
LA@ST. MARTIN,4173,44,296,12631,17144
LA@ST. MARY,4083,35,289,10054,14461
LA@ST. TAMMANY,22597,485,1028,70545,94655
LA@TANGIPAHOA,9325,146,583,25435,35489
LA@TENSAS,690,1,30,931,1652
LA@TERREBONNE,5411,89,493,21373,27366
LA@UNION,1362,13,81,6224,7680
LA@VERMILION,2636,34,250,15033,17953
LA@VERNON,1362,40,133,9704,11239
LA@WASHINGTON,3573,27,262,9309,13171
LA@WEBSTER,3389,19,186,8396,11990
LA@WEST BATON ROUGE,3977,25,118,5984,10104
LA@WEST CARROLL,352,2,20,3015,3389
LA@WEST FELICIANA,1358,15,39,2865,4277
LA@WINN,726,10,50,3212,3998
MD@ALLEGANY,,,7261,14326,21587
MD@ANNE ARUNDEL,,,124073,91471,215544
MD@BALTIMORE,,,175819,97307,273126
MD@BALTIMORE CITY,,,129537,13849,143386
MD@CALVERT,,,17044,20382,37426
MD@CAROLINE,,,3602,7054,10656
MD@CARROLL,,,27865,43761,71626
MD@CECIL,,,12188,20725,32913
MD@CHARLES,,,38367,16207,54574
MD@DORCHESTER,,,4962,6511,11473
MD@FREDERICK,,,58827,47406,106233
MD@GARRETT,,,2615,8647,11262
MD@HARFORD,,,45423,57713,103136
MD@HOWARD,,,92435,37617,130052
MD@KENT,,,4475,3950,8425
MD@MONTGOMERY,,,277116,65956,343072
MD@PRINCE GEORGE'S,,,219124,21127,240251
MD@QUEEN ANNE'S,,,8741,14064,22805
MD@SOMERSET,,,2661,4146,6807
MD@ST. MARY'S,,,15699,21869,37568
MD@TALBOT,,,9041,8548,17589
MD@WASHINGTON,,,19484,29072,48556
MD@WICOMICO,,,14328,16104,30432
MD@WORCESTER,,,9356,14481,23837
MO@ADAIR,2447,,,4407,6854
MO@ANDREW,1657,,,4882,6539
MO@ATCHISON,392,,,1467,1859
MO@AUDRAIN,2067,,,5208,7275
MO@BARRY,2043,,,8535,10578
MO@BARTON,586,,,3653,4239
MO@BATES,1362,,,4222,5584
MO@BENTON,1773,,,5712,7485
MO@BOLLINGER,507,,,3589,4096
MO@BOONE,35388,,,25868,61256
MO@BUCHANAN,8867,,,14805,23672
MO@BUTLER,1872,,,9333,11205
MO@CALDWELL,745,,,2588,3333
MO@CALLAWAY,4616,,,9907,14523
MO@CAMDEN,4376,,,13352,17728
MO@CAPE GIRARDEAU,6630,,,20481,27111
MO@CARROLL,685,,,2607,3292
MO@CARTER,298,,,1577,1875
MO@CASS,13905,,,24808,38713
MO@CEDAR,927,,,3956,4883
MO@CHARITON,667,,,2082,2749
MO@CHRISTIAN,8059,,,24181,32240
MO@CLARK,535,,,1719,2254
MO@CLAY,41866,,,43070,84936
MO@CLINTON,2211,,,5119,7330
MO@COLE,9470,,,18267,27737
MO@COOPER,1734,,,4196,5930
MO@CRAWFORD,1610,,,5822,7432
MO@DADE,501,,,2395,2896
MO@DALLAS,1095,,,4448,5543
MO@DAVIESS,600,,,2002,2602
MO@DEKALB,700,,,2575,3275
MO@DENT,822,,,4030,4852
MO@DOUGLAS,778,,,4099,4877
MO@DUNKLIN,1163,,,4884,6047
MO@FRANKLIN,11128,,,25061,36189
MO@GASCONADE,1298,,,4301,5599
MO@GENTRY,528,,,1748,2276
MO@GREENE,38947,,,55230,94177
MO@GRUNDY,641,,,2514,3155
MO@HARRISON,445,,,2236,2681
MO@HENRY,2084,,,5225,7309
MO@HICKORY,795,,,2744,3539
MO@HOLT,262,,,1382,1644
MO@HOWARD,1210,,,2528,3738
MO@HOWELL,2447,,,10323,12770
MO@IRON,747,,,2246,2993
MO@JACKSON,130306,,,80658,210964
MO@JASPER,8468,,,25131,33599
MO@JEFFERSON,28653,,,48845,77498
MO@JOHNSON,5125,,,10001,15126
MO@KNOX,317,,,994,1311
MO@LACLEDE,1947,,,9015,10962
MO@LAFAYETTE,3510,,,8202,11712
MO@LAWRENCE,2311,,,9836,12147
MO@LEWIS,716,,,2337,3053
MO@LINCOLN,5161,,,14029,19190
MO@LINN,1129,,,2914,4043
MO@LIVINGSTON,1133,,,3526,4659
MO@MACON,1174,,,4264,5438
MO@MADISON,721,,,2907,3628
MO@MARIES,651,,,2734,3385
MO@MARION,2190,,,6242,8432
MO@MCDONALD,886,,,4989,5875
MO@MERCER,213,,,1028,1241
MO@MILLER,1572,,,6884,8456
MO@MISSISSIPPI,592,,,2237,2829
MO@MONITEAU,1088,,,3903,4991
MO@MONROE,735,,,2327,3062
MO@MONTGOMERY,1010,,,2973,3983
MO@MORGAN,1581,,,5141,6722
MO@NEW MADRID,964,,,3341,4305
MO@NEWTON,3878,,,15565,19443
MO@NODAWAY,1980,,,4350,6330
MO@OREGON,569,,,2385,2954
MO@OSAGE,855,,,4570,5425
MO@OZARK,610,,,2957,3567
MO@PEMISCOT,706,,,2457,3163
MO@PERRY,1099,,,5098,6197
MO@PETTIS,3666,,,9005,12671
MO@PHELPS,3984,,,9245,13229
MO@PIKE,1299,,,3728,5027
MO@PLATTE,19862,,,20264,40126
MO@POLK,2178,,,7945,10123
MO@PULASKI,2224,,,6703,8927
MO@PUTNAM,286,,,1376,1662
MO@RALLS,934,,,2917,3851
MO@RANDOLPH,1953,,,5238,7191
MO@RAY,2401,,,5283,7684
MO@REYNOLDS,512,,,1816,2328
MO@RIPLEY,605,,,2998,3603
MO@SALINE,2078,,,4027,6105
MO@SCHUYLER,304,,,1182,1486
MO@SCOTLAND,305,,,1010,1315
MO@SCOTT,2161,,,9210,11371
MO@SHANNON,586,,,2238,2824
MO@SHELBY,479,,,1753,2232
MO@ST. CHARLES,64298,,,83330,147628
MO@ST. CLAIR,835,,,2711,3546
MO@ST. FRANCOIS,5193,,,12539,17732
MO@ST. LOUIS COUNTY,295371,,,149745,445116
MO@STE. GENEVIEVE,2179,,,4323,6502
MO@STODDARD,1145,,,7318,8463
MO@STONE,2651,,,10755,13406
MO@SULLIVAN,344,,,1360,1704
MO@TANEY,3528,,,13688,17216
MO@TEXAS,1337,,,6621,7958
MO@VERNON,1325,,,4620,5945
MO@WARREN,3762,,,9081,12843
MO@WASHINGTON,1498,,,5267,6765
MO@WAYNE,604,,,3369,3973
MO@WEBSTER,2651,,,9896,12547
MO@WORTH,184,,,649,833
MO@WRIGHT,817,,,5202,6019
NC@ALAMANCE,25866,837,444,32866,60013
NC@ALEXANDER,3031,243,158,11833,15265
NC@ALLEGHANY,1249,85,39,3648,5021
NC@ANSON,3324,87,41,3711,7163
NC@ASHE,3172,187,87,8371,11817
NC@AVERY,1595,92,58,5089,6834
NC@BEAUFORT,6245,283,110,12338,18976
NC@BERTIE,3492,59,28,2781,6360
NC@BLADEN,4799,149,90,6745,11783
NC@BRUNSWICK,26685,920,577,44911,73093
NC@BUNCOMBE,73807,1651,1446,43222,120126
NC@BURKE,8847,426,249,20456,29978
NC@CABARRUS,32372,1148,693,41468,75681
NC@CALDWELL,6404,391,213,20900,27908
NC@CAMDEN,1006,105,42,3127,4280
NC@CARTERET,8827,452,252,22709,32240
NC@CASWELL,3121,84,46,4867,8118
NC@CATAWBA,16076,785,453,38252,55566
NC@CHATHAM,22493,425,276,16275,39469
NC@CHEROKEE,2448,155,94,9493,12190
NC@CHOWAN,2048,70,42,3360,5520
NC@CLAY,1339,71,35,4073,5518
NC@CLEVELAND,10557,412,223,21654,32846
NC@COLUMBUS,6888,257,171,11723,19039
NC@CRAVEN,14101,594,309,21981,36985
NC@CUMBERLAND,46449,1160,724,35674,84007
NC@CURRITUCK,2739,213,93,8593,11638
NC@DARE,7097,274,237,10236,17844
NC@DAVIDSON,14643,795,429,43393,59260
NC@DAVIE,4501,215,152,13191,18059
NC@DUPLIN,5071,203,84,9852,15210
NC@DURHAM,103630,1315,1045,22107,128097
NC@EDGECOMBE,9213,151,85,6046,15495
NC@FORSYTH,73524,1855,1089,58350,134818
NC@FRANKLIN,11701,397,240,15292,27630
NC@GASTON,25676,986,524,46256,73442
NC@GATES,1758,72,47,2431,4308
NC@GRAHAM,639,67,46,2791,3543
NC@GRANVILLE,9950,362,159,11770,22241
NC@GREENE,2410,66,51,3518,6045
NC@GUILFORD,108688,2342,1662,74544,187236
NC@HALIFAX,8889,125,75,6631,15720
NC@HARNETT,13133,611,319,22860,36923
NC@HAYWOOD,9972,451,267,16078,26768
NC@HENDERSON,20167,722,478,29798,51165
NC@HERTFORD,4096,63,42,2400,6601
NC@HOKE,7118,244,144,5594,13100
NC@HYDE,731,28,21,1083,1863
NC@IREDELL,21442,1068,517,46598,69625
NC@JACKSON,6557,259,196,7920,14932
NC@JOHNSTON,28121,1111,583,46239,76054
NC@JONES,1397,60,34,2382,3873
NC@LEE,7767,273,151,11042,19233
NC@LENOIR,7872,236,126,10452,18686
NC@LINCOLN,9418,526,211,26130,36285
NC@MACON,4617,279,150,10698,15744
NC@MADISON,3959,206,139,5797,10101
NC@MARTIN,3841,118,70,4717,8746
NC@MCDOWELL,3895,260,155,11776,16086
NC@MECKLENBURG,234787,4328,3437,117742,360294
NC@MITCHELL,1354,101,54,5024,6533
NC@MONTGOMERY,2667,112,71,5834,8684
NC@MOORE,14586,586,270,26874,42316
NC@NASH,16401,360,182,18796,35739
NC@NEW HANOVER,46785,1326,894,45012,94017
NC@NORTHAMPTON,3718,62,35,2962,6777
NC@ONSLOW,13544,846,517,29106,44013
NC@ORANGE,51125,649,566,14213,66553
NC@PAMLICO,2091,92,50,3908,6141
NC@PASQUOTANK,6468,243,146,7304,14161
NC@PENDER,7548,345,166,15466,23525
NC@PERQUIMANS,1557,57,41,3813,5468
NC@PERSON,5905,234,98,9201,15438
NC@PITT,27705,683,478,26160,55026
NC@POLK,3635,161,70,5686,9552
NC@RANDOLPH,9313,684,319,38030,48346
NC@RICHMOND,5016,178,85,7317,12596
NC@ROBESON,10736,318,264,15732,27050
NC@ROCKINGHAM,10110,577,262,21617,32566
NC@ROWAN,14282,723,426,32766,48197
NC@RUTHERFORD,5538,368,205,17330,23441
NC@SAMPSON,6045,154,106,11574,17879
NC@SCOTLAND,4359,152,86,4922,9519
NC@STANLY,5163,328,208,17927,23626
NC@STOKES,3803,332,155,13915,18205
NC@SURRY,5828,377,196,18303,24704
NC@SWAIN,1708,100,84,2884,4776
NC@TRANSYLVANIA,6867,284,187,8832,16170
NC@TYRRELL,482,18,11,770,1281
NC@UNION,31354,1146,721,56882,90103
NC@VANCE,7097,169,81,5620,12967
NC@WAKE,281367,6634,4351,160818,453170
NC@WARREN,4344,52,34,2753,7183
NC@WASHINGTON,2002,47,30,1996,4075
NC@WATAUGA,11677,373,281,10455,22786
NC@WAYNE,13990,401,214,20723,35328
NC@WILKES,4770,322,160,19294,24546
NC@WILSON,12503,269,167,13310,26249
NC@YADKIN,2400,230,123,11117,13870
NC@YANCEY,2946,138,97,5706,8887
ND@ADAMS,126,,152,651,929
ND@BARNES,978,,596,2314,3888
ND@BENSON,470,,261,749,1480
ND@BILLINGS,48,,108,381,537
ND@BOTTINEAU,463,,587,1803,2853
ND@BOWMAN,126,,227,1003,1356
ND@BURKE,62,,221,494,777
ND@BURLEIGH,7654,,9000,18759,35413
ND@CASS,21360,,5992,26520,53872
ND@CAVALIER,267,,180,1123,1570
ND@DICKEY,335,,236,1211,1782
ND@DIVIDE,161,,206,657,1024
ND@DUNN,189,,357,1107,1653
ND@EDDY,204,,189,543,936
ND@EMMONS,106,,521,915,1542
ND@FOSTER,198,,263,798,1259
ND@GOLDEN VALLEY,78,,149,551,778
ND@GRAND FORKS,6474,,2459,9954,18887
ND@GRANT,103,,256,755,1114
ND@GRIGGS,178,,160,656,994
ND@HETTINGER,113,,206,718,1037
ND@KIDDER,119,,285,657,1061
ND@LAMOURE,313,,209,1124,1646
ND@LOGAN,68,,212,541,821
ND@MCHENRY,297,,596,1265,2158
ND@MCINTOSH,123,,202,780,1105
ND@MCKENZIE,407,,571,2229,3207
ND@MCLEAN,720,,1136,2385,4241
ND@MERCER,429,,941,2213,3583
ND@MORTON,2101,,3127,6130,11358
ND@MOUNTRAIL,632,,596,1393,2621
ND@NELSON,362,,193,963,1518
ND@OLIVER,82,,242,509,833
ND@PEMBINA,406,,318,1737,2461
ND@PIERCE,227,,392,876,1495
ND@RAMSEY,890,,703,2424,4017
ND@RANSOM,527,,249,1045,1821
ND@RENVILLE,87,,262,547,896
ND@RICHLAND,1411,,799,3756,5966
ND@ROLETTE,1268,,346,1118,2732
ND@SARGENT,403,,190,988,1581
ND@SHERIDAN,64,,199,361,624
ND@SIOUX,301,,107,176,584
ND@SLOPE,23,,53,226,302
ND@STARK,1138,,2081,5927,9146
ND@STEELE,222,,99,469,790
ND@STUTSMAN,1533,,1329,3862,6724
ND@TOWNER,178,,127,550,855
ND@TRAILL,822,,355,1795,2972
ND@WALSH,640,,425,2416,3481
ND@WARD,3314,,3593,9849,16756
ND@WELLS,225,,547,923,1695
ND@WILLIAMS,970,,1861,4578,7409
NH@BELKNAP,13669,521,16,16591,30797
NH@CARROLL,13708,402,13,13014,27137
NH@CHESHIRE,20083,662,22,13241,34008
NH@COOS,6059,345,8,6491,12903
NH@GRAFTON,26634,851,40,15247,42772
NH@HILLSBOROUGH,91776,3586,152,76862,172376
NH@MERRIMACK,39367,1461,65,29965,70858
NH@ROCKINGHAM,78047,2999,97,73244,154387
NH@STRAFFORD,33240,1121,40,22217,56618
NH@SULLIVAN,9907,442,11,8759,19119
NV@CARSON CITY,10337,175,423,12451,23694
NV@CHURCHILL,2423,99,173,7032,9880
NV@CLARK,357275,4041,8133,304133,681798
NV@DOUGLAS,9466,173,352,18890,29169
NV@ELKO,3286,149,357,12180,16191
NV@ESMERALDA,68,2,18,344,454
NV@EUREKA,73,2,18,671,781
NV@HUMBOLDT,1358,45,121,4456,6112
NV@LANDER,387,23,71,1673,2212
NV@LINCOLN,321,21,26,1727,2157
NV@LYON,6244,243,524,16293,23616
NV@MINERAL,660,17,34,1124,1894
NV@NYE,5957,164,490,13833,20823
NV@PERSHING,419,12,33,1272,1777
NV@STOREY,721,24,42,1728,2561
NV@WASHOE,98617,1204,2392,90002,194280
NV@WHITE PINE,704,28,76,2579,3451
NY@ALBANY,65299,,14943,35850,116092
NY@ALLEGANY,3923,,1541,10196,15660
NY@BRONX,150263,,11806,34369,196438
NY@BROOME,29675,,6799,31225,67699
NY@CATTARAUGUS,7936,,2847,14955,25738
NY@CAYUGA,10541,,3224,13023,26788
NY@CHAUTAUQUA,15286,,5103,22797,43186
NY@CHEMUNG,9788,,2375,15387,27550
NY@CHENANGO,5247,,1492,9955,16694
NY@CLINTON,12295,,2367,12630,27292
NY@COLUMBIA,14878,,3892,10753,29523
NY@CORTLAND,6808,,1640,7604,16052
NY@DELAWARE,6317,,1761,10374,18452
NY@DUTCHESS,52257,,12263,49706,114226
NY@ERIE,171967,,50182,117315,339464
NY@ESSEX,6910,,1276,7069,15255
NY@FRANKLIN,6375,,1241,7425,15041
NY@FULTON,5544,,1855,11027,18426
NY@GENESEE,6394,,3147,12541,22082
NY@GREENE,6986,,2866,10004,19856
NY@HAMILTON,877,,264,1680,2821
NY@HERKIMER,6360,,2365,13431,22156
NY@JEFFERSON,10703,,2857,17872,31432
NY@KINGS,357033,,79316,119806,556155
NY@LEWIS,2691,,968,6747,10406
NY@LIVINGSTON,8209,,3187,12754,24150
NY@MADISON,10399,,3303,12465,26167
NY@MONROE,143875,,34558,96567,275000
NY@MONTGOMERY,5279,,1873,8475,15627
NY@NASSAU,236556,,34436,243467,514459
NY@NEW YORK,346010,,44084,60901,450995
NY@NIAGARA,29389,,10890,35306,75585
NY@ONEIDA,26964,,7792,40032,74788
NY@ONONDAGA,91443,,19918,58108,169469
NY@ONTARIO,20070,,5480,20418,45968
NY@ORANGE,54826,,10719,56625,122170
NY@ORLEANS,3438,,1798,8230,13466
NY@OSWEGO,13578,,4577,21798,39953
NY@OTSEGO,8785,,2116,10912,21813
NY@PUTNAM,15585,,4308,21143,41036
NY@QUEENS,265276,,39141,127726,432143
NY@RENSSELAER,27166,,9671,25022,61859
NY@RICHMOND,47901,,9714,81938,139553
NY@ROCKLAND,49252,,9946,44565,103763
NY@SARATOGA,46962,,11402,44897,103261
NY@SCHENECTADY,26449,,7108,20329,53886
NY@SCHOHARIE,3875,,1791,7069,12735
NY@SCHUYLER,2597,,785,4303,7685
NY@SENECA,4608,,1200,5687,11495
NY@ST. LAWRENCE,13121,,3367,17451,33939
NY@STEUBEN,9775,,3014,21459,34248
NY@SUFFOLK,232041,,58220,269874,560135
NY@SULLIVAN,9814,,2681,11838,24333
NY@TIOGA,6232,,1616,10987,18835
NY@TOMPKINS,21281,,5853,7981,35115
NY@ULSTER,38794,,11669,26990,77453
NY@WARREN,12250,,2693,12943,27886
NY@WASHINGTON,7941,,2342,11607,21890
NY@WAYNE,10960,,4734,17762,33456
NY@WESTCHESTER,193358,,23903,109166,326427
NY@WYOMING,3423,,2078,9607,15108
NY@YATES,2987,,878,4356,8221
OH@ADAMS,1976,,1,6749,8726
OH@ALLEN,9428,,9,23229,32666
OH@ASHLAND,5034,,9,13366,18409
OH@ASHTABULA,12561,,14,18277,30852
OH@ATHENS,11578,,5,7482,19065
OH@AUGLAIZE,3641,,8,15022,18671
OH@BELMONT,7356,,5,15169,22530
OH@BROWN,3300,,5,10832,14137
OH@BUTLER,48777,,35,79240,128052
OH@CARROLL,2743,,7,7372,10122
OH@CHAMPAIGN,4095,,54,10253,14402
OH@CLARK,17141,,10,27131,44282
OH@CLERMONT,27084,,34,52888,80006
OH@CLINTON,3562,,7,10515,14084
OH@COLUMBIANA,10705,,11,24829,35545
OH@COSHOCTON,3255,,5,8021,11281
OH@CRAWFORD,3948,,1,10855,14804
OH@CUYAHOGA,277039,,77,131427,408543
OH@DARKE,3773,,5,15977,19755
OH@DEFIANCE,4513,,2,8821,13336
OH@DELAWARE,46319,,27,52539,98885
OH@ERIE,13541,,5,15287,28833
OH@FAIRFIELD,23305,,27,35926,59258
OH@FAYETTE,2102,,,6287,8389
OH@FRANKLIN,281505,,292,143263,425060
OH@FULTON,5299,,2,10906,16207
OH@GALLIA,2116,,5,6993,9114
OH@GEAUGA,17348,,15,25331,42694
OH@GREENE,26490,,37,39189,65716
OH@GUERNSEY,3505,,9,8678,12192
OH@HAMILTON,174511,,183,127792,302486
OH@HANCOCK,8717,,14,18357,27088
OH@HARDIN,2471,,5,6521,8997
OH@HARRISON,1451,,,3721,5172
OH@HENRY,3190,,2,7102,10294
OH@HIGHLAND,2925,,2,10185,13112
OH@HOCKING,3139,,3,6353,9495
OH@HOLMES,1564,,4,7056,8624
OH@HURON,5998,,8,12398,18404
OH@JACKSON,2285,,1,6599,8885
OH@JEFFERSON,7914,,10,14970,22894
OH@KNOX,6969,,7,16104,23080
OH@LAKE,43166,,15,50890,94071
OH@LAWRENCE,4793,,,12697,17490
OH@LICKING,24774,,31,41566,66371
OH@LOGAN,3898,,5,12551,16454
OH@LORAIN,57191,,48,54488,111727
OH@LUCAS,78727,,29,53009,131765
OH@MADISON,4350,,7,9763,14120
OH@MAHONING,41421,,19,44397,85837
OH@MARION,6342,,3,12760,19105
OH@MEDINA,31979,,35,45960,77974
OH@MEIGS,1875,,4,5589,7468
OH@MERCER,3389,,3,14390,17782
OH@MIAMI,11993,,24,30114,42131
OH@MONROE,1378,,6,3479,4863
OH@MONTGOMERY,94512,,108,91382,186002
OH@MORGAN,1317,,,3494,4811
OH@MORROW,3303,,2,9985,13290
OH@MUSKINGUM,8638,,5,18664,27307
OH@NOBLE,1083,,4,3519,4606
OH@OTTAWA,7750,,2,10653,18405
OH@PAULDING,1587,,2,4873,6462
OH@PERRY,3342,,36,8557,11935
OH@PICKAWAY,5696,,7,13859,19562
OH@PIKE,2327,,,5488,7815
OH@PORTAGE,28175,,32,32274,60481
OH@PREBLE,3533,,5,12156,15694
OH@PUTNAM,2667,,5,12332,15004
OH@RICHLAND,12904,,16,28812,41732
OH@ROSS,7858,,6,14728,22592
OH@SANDUSKY,8177,,55,13076,21308
OH@SCIOTO,6411,,2,14656,21069
OH@SENECA,6322,,18,11618,17958
OH@SHELBY,3509,,7,14512,18028
OH@STARK,56215,,44,77287,133546
OH@SUMMIT,113111,,62,86724,199897
OH@TRUMBULL,33890,,28,39082,73000
OH@TUSCARAWAS,10267,,11,20072,30350
OH@UNION,9075,,4,16320,25399
OH@VAN WERT,2176,,,7959,10135
OH@VINTON,1028,,2,2986,4016
OH@WARREN,35970,,32,65370,101372
OH@WASHINGTON,6938,,1,15812,22751
OH@WAYNE,12832,,19,25599,38450
OH@WILLIAMS,3903,,5,8935,12843
OH@WOOD,23269,,25,24854,48148
OH@WYANDOT,2255,,3,5811,8069
OK@ADAIR,2537,150,218,7517,10422
OK@ALFALFA,413,54,61,2940,3468
OK@ATOKA,1229,77,111,6415,7832
OK@BEAVER,286,61,75,2949,3371
OK@BECKHAM,1782,146,142,8868,10938
OK@BLAINE,1199,86,131,4518,5934
OK@BRYAN,4822,331,370,17385,22908
OK@CADDO,3962,203,228,9711,14104
OK@CANADIAN,29713,1895,1821,66727,100156
OK@CARTER,6378,431,459,19498,26766
OK@CHEROKEE,10029,434,515,16050,27028
OK@CHOCTAW,1355,107,134,6480,8076
OK@CIMARRON,89,30,31,1310,1460
OK@CLEVELAND,79784,3358,3110,95868,182120
OK@COAL,654,44,63,3015,3776
OK@COMANCHE,16644,991,1092,28323,47050
OK@COTTON,562,77,97,2937,3673
OK@CRAIG,2020,119,159,6655,8953
OK@CREEK,10328,779,773,32727,44607
OK@CUSTER,3506,229,197,11048,14980
OK@DELAWARE,5662,297,408,20029,26396
OK@DEWEY,376,58,65,3022,3521
OK@ELLIS,343,33,39,2555,2970
OK@GARFIELD,7205,552,629,23981,32367
OK@GARVIN,3298,238,260,12426,16222
OK@GRADY,7442,555,505,27100,35602
OK@GRANT,478,63,61,2588,3190
OK@GREER,530,36,55,2060,2681
OK@HARMON,251,12,13,1020,1296
OK@HARPER,250,53,50,1980,2333
OK@HASKELL,1309,58,84,5320,6771
OK@HUGHES,1559,106,152,5269,7086
OK@JACKSON,1956,219,174,8634,10983
OK@JEFFERSON,531,57,69,2550,3207
OK@JOHNSTON,1003,74,112,4730,5919
OK@KAY,6473,412,465,17655,25005
OK@KINGFISHER,1435,154,155,8004,9748
OK@KIOWA,1111,42,50,3710,4913
OK@LATIMER,1237,89,121,4673,6120
OK@LE FLORE,4505,362,350,19009,24226
OK@LINCOLN,4354,378,410,17027,22169
OK@LOGAN,8533,658,551,24214,33956
OK@LOVE,970,70,100,4326,5466
OK@MAJOR,539,77,146,4616,5378
OK@MARSHALL,1620,102,131,6920,8773
OK@MAYES,5941,456,468,18404,25269
OK@MCCLAIN,6488,490,435,22627,30040
OK@MCCURTAIN,2671,196,272,13347,16486
OK@MCINTOSH,3479,155,198,9072,12904
OK@MURRAY,1806,148,141,6395,8490
OK@MUSKOGEE,11663,556,560,22767,35546
OK@NOBLE,1707,147,134,5627,7615
OK@NOWATA,1190,96,105,5242,6633
OK@OKFUSKEE,1515,94,118,4148,5875
OK@OKLAHOMA,214949,6864,6933,215112,443858
OK@OKMULGEE,6688,336,361,13858,21243
OK@OSAGE,9355,483,481,19843,30162
OK@OTTAWA,3753,244,307,11044,15348
OK@PAWNEE,2275,182,178,7461,10096
OK@PAYNE,17314,830,681,25346,44171
OK@PITTSBURG,5818,271,408,18862,25359
OK@PONTOTOC,6886,377,380,14714,22357
OK@POTTAWATOMIE,11610,696,782,28271,41359
OK@PUSHMATAHA,1064,72,94,5339,6569
OK@ROGER MILLS,279,46,47,2259,2631
OK@ROGERS,15746,1199,1123,49702,67770
OK@SEMINOLE,3213,172,174,8163,11722
OK@SEQUOYAH,4512,259,389,15340,20500
OK@STEPHENS,4802,500,498,20399,26199
OK@TEXAS,958,149,176,6020,7303
OK@TILLMAN,723,71,58,2832,3684
OK@TULSA,162248,6533,5847,212335,386963
OK@WAGONER,13595,939,820,38310,53664
OK@WASHINGTON,8462,598,522,24602,34184
OK@WASHITA,1108,122,84,5824,7138
OK@WOODS,1043,83,83,4189,5398
OK@WOODWARD,1636,160,171,8790,10757
OR@BAKER,2531,,193,5902,8626
OR@BENTON,29953,,1766,13407,45126
OR@CLACKAMAS,112387,,5829,94232,212448
OR@CLATSOP,11149,,605,8135,19889
OR@COLUMBIA,11810,,965,14221,26996
OR@COOS,12560,,955,17595,31110
OR@CROOK,3730,,273,9899,13902
OR@CURRY,5220,,337,7049,12606
OR@DESCHUTES,57865,,3142,46886,107893
OR@DOUGLAS,16935,,1382,34523,52840
OR@GILLIAM,339,,15,626,980
OR@GRANT,1066,,113,2935,4114
OR@HARNEY,972,,89,2683,3744
OR@HOOD RIVER,7002,,348,3377,10727
OR@JACKSON,48071,,2879,52714,103664
OR@JEFFERSON,3597,,220,6083,9900
OR@JOSEPHINE,15396,,1138,25948,42482
OR@KLAMATH,8918,,755,20088,29761
OR@LAKE,858,,91,2999,3948
OR@LANE,110577,,5870,65606,182053
OR@LINCOLN,15283,,826,10011,26120
OR@LINN,22041,,1971,36740,60752
OR@MALHEUR,2336,,258,6469,9063
OR@MARION,60614,,4276,65606,130496
OR@MORROW,1159,,96,2786,4041
OR@MULTNOMAH,286167,,14462,62324,362953
OR@POLK,18920,,1290,20746,40956
OR@SHERMAN,253,,11,754,1018
OR@TILLAMOOK,7176,,372,6909,14457
OR@UMATILLA,7718,,618,16502,24838
OR@UNION,3902,,270,8216,12388
OR@WALLOWA,1521,,99,2917,4537
OR@WASCO,5382,,351,5562,11295
OR@WASHINGTON,160858,,9055,83146,253059
OR@WHEELER,237,,24,546,807
OR@YAMHILL,21921,,1590,24849,48360
PA@ADAMS,16096,704,580,29039,46419
PA@ALLEGHENY,363873,5190,4014,200632,573709
PA@ARMSTRONG,8065,465,308,19575,28413
PA@BEAVER,32692,1143,836,38772,73443
PA@BEDFORD,3796,261,230,17954,22241
PA@BERKS,71349,3315,2141,78019,154824
PA@BLAIR,14763,627,616,34214,50220
PA@BRADFORD,6632,450,366,16033,23481
PA@BUCKS,164536,4633,3802,141340,314311
PA@BUTLER,33921,1346,900,57168,93335
PA@CAMBRIA,18849,868,784,35847,56348
PA@CAMERON,547,46,46,1247,1886
PA@CARBON,9682,559,332,15659,26232
PA@CENTRE,32597,834,728,27902,62061
PA@CHESTER,147559,3586,2798,104020,257963
PA@CLARION,4327,238,186,10620,15371
PA@CLEARFIELD,8533,489,429,21948,31399
PA@CLINTON,4750,219,257,8791,14017
PA@COLUMBIA,9023,518,374,14830,24745
PA@CRAWFORD,11081,575,385,20992,33033
PA@CUMBERLAND,53278,1783,1203,59663,115927
PA@DAUPHIN,61599,1503,1203,50141,114446
PA@DELAWARE,157599,3454,2292,87322,250667
PA@ELK,4066,225,200,9128,13619
PA@ERIE,56404,1554,1269,46507,105734
PA@FAYETTE,17731,438,421,28234,46824
PA@FOREST,694,27,27,1434,2182
PA@FRANKLIN,18718,845,838,44819,65220
PA@FULTON,953,74,48,5171,6246
PA@GREENE,4394,160,189,8348,13091
PA@HUNTINGDON,4665,286,278,13035,18264
PA@INDIANA,11218,398,370,20769,32755
PA@JEFFERSON,4135,293,219,13139,17786
PA@JUNIATA,2111,176,176,7265,9728
PA@LACKAWANNA,50489,1020,900,36534,88943
PA@LANCASTER,94632,3272,1846,124798,224548
PA@LAWRENCE,13758,511,406,21531,36206
PA@LEBANON,19695,1107,666,35023,56491
PA@LEHIGH,73096,2269,1717,59219,136301
PA@LUZERNE,51504,1662,1179,61978,116323
PA@LYCOMING,13573,882,607,31171,46233
PA@MCKEAN,4135,214,226,10076,14651
PA@MERCER,17080,673,550,27049,45352
PA@MIFFLIN,3965,278,279,12263,16785
PA@MONROE,30251,989,744,26746,58730
PA@MONTGOMERY,260207,5416,4254,143077,412954
PA@MONTOUR,3213,154,138,4328,7833
PA@NORTHAMPTON,66565,1949,1613,59860,129987
PA@NORTHUMBERLAND,10812,583,508,20992,32895
PA@PERRY,5646,392,237,13956,20231
PA@PHILADELPHIA,412841,3718,4184,78408,499151
PA@PIKE,9821,293,290,14792,25196
PA@POTTER,1415,120,87,5486,7108
PA@SCHUYLKILL,17954,1214,952,35293,55413
PA@SNYDER,4220,239,220,10657,15336
PA@SOMERSET,7660,523,381,23964,32528
PA@SULLIVAN,869,65,59,2023,3016
PA@SUSQUEHANNA,5245,269,277,11520,17311
PA@TIOGA,4103,281,260,11988,16632
PA@UNION,6249,210,234,9401,16094
PA@VENANGO,6777,385,286,13406,20854
PA@WARREN,5420,243,254,10175,16092
PA@WASHINGTON,39684,1083,732,52337,93836
PA@WAYNE,7669,344,274,14425,22712
PA@WESTMORELAND,66240,2057,1474,98238,168009
PA@WYOMING,4059,215,167,7338,11779
PA@YORK,71929,2975,2016,109631,186551
SC@ABBEVILLE,4620,,,12518,17146
SC@AIKEN,34360,,,75098,109558
SC@ALLENDALE,2448,,,1170,3618
SC@ANDERSON,28782,,,97602,126528
SC@BAMBERG,4298,,,3640,7938
SC@BARNWELL,4906,,,7616,12530
SC@BEAUFORT,52674,,,90046,142810
SC@BERKELEY,53244,,,88814,142208
SC@CALHOUN,4318,,,6860,11198
SC@CHARLESTON,143966,,,159172,303598
SC@CHEROKEE,6710,,,25506,32240
SC@CHESTER,7242,,,11908,19158
SC@CHESTERFIELD,8468,,,16596,25076
SC@CLARENDON,9584,,,13224,22820
SC@COLLETON,9500,,,15494,25014
SC@DARLINGTON,15796,,,24232,40052
SC@DILLON,6840,,,8912,15764
SC@DORCHESTER,37286,,,61628,99024
SC@EDGEFIELD,5372,,,12216,17614
SC@FAIRFIELD,8888,,,7766,16668
SC@FLORENCE,34342,,,48234,82646
SC@GEORGETOWN,19770,,,34914,54714
SC@GREENVILLE,118218,,,235948,354798
SC@GREENWOOD,13440,,,30066,43530
SC@HAMPTON,5598,,,5650,11252
SC@HORRY,72396,,,193882,266410
SC@JASPER,9064,,,13108,22180
SC@KERSHAW,14718,,,29870,44616
SC@LANCASTER,22612,,,46318,68976
SC@LAURENS,10428,,,29008,39512
SC@LEE,6056,,,4418,10480
SC@LEXINGTON,57768,,,140226,198218
SC@MARION,8842,,,7904,16754
SC@MARLBORO,6338,,,6616,12972
SC@MCCORMICK,3496,,,5636,9132
SC@NEWBERRY,7550,,,17934,25504
SC@OCONEE,11950,,,45846,57838
SC@ORANGEBURG,32192,,,20048,52272
SC@PICKENS,16024,,,64056,80166
SC@RICHLAND,158260,,,93978,252710
SC@SALUDA,3210,,,9876,13090
SC@SPARTANBURG,57362,,,136060,193644
SC@SUMTER,30884,,,30200,61132
SC@UNION,5292,,,11982,17278
SC@WILLIAMSBURG,11390,,,8094,19488
SC@YORK,68730,,,122658,191530
SD@AURORA,170,66,,978,1214
SD@BEADLE,1214,182,,4441,5837
SD@BENNETT,295,41,,684,1020
SD@BON HOMME,453,91,,2010,2554
SD@BROOKINGS,3816,545,,7990,12351
SD@BROWN,3893,451,,9577,13921
SD@BRULE,428,97,,1573,2098
SD@BUFFALO,202,15,,173,390
SD@BUTTE,597,292,,3269,4158
SD@CAMPBELL,66,26,,571,663
SD@CHARLES MIX,666,100,,2323,3089
SD@CLARK,230,56,,1307,1593
SD@CLAY,2042,149,,2522,4713
SD@CODINGTON,2265,460,,8279,11004
SD@CORSON,334,57,,534,925
SD@CUSTER,1017,267,,3756,5040
SD@DAVISON,1524,266,,5420,7210
SD@DAY,602,116,,1796,2514
SD@DEUEL,346,92,,1548,1986
SD@DEWEY,720,70,,770,1560
SD@DOUGLAS,117,42,,1308,1467
SD@EDMUNDS,253,49,,1385,1687
SD@FALL RIVER,665,222,,2754,3641
SD@FAULK,120,47,,780,947
SD@GRANT,601,105,,2492,3198
SD@GREGORY,279,82,,1663,2024
SD@HAAKON,56,50,,864,970
SD@HAMLIN,366,123,,2214,2703
SD@HAND,198,70,,1242,1510
SD@HANSON,254,52,,1323,1629
SD@HARDING,22,41,,605,668
SD@HUGHES,1683,301,,5467,7451
SD@HUTCHINSON,417,106,,2619,3142
SD@HYDE,78,18,,484,580
SD@JACKSON,215,67,,617,899
SD@JERAULD,154,34,,676,864
SD@JONES,46,36,,383,465
SD@KINGSBURY,441,89,,2000,2530
SD@LAKE,1139,164,,3615,4918
SD@LAWRENCE,3061,646,,8439,12146
SD@LINCOLN,7365,912,,19703,27980
SD@LYMAN,290,65,,944,1299
SD@MARSHALL,545,62,,1272,1879
SD@MCCOOK,408,92,,2033,2533
SD@MCPHERSON,108,40,,954,1102
SD@MEADE,2134,702,,8934,11770
SD@MELLETTE,165,44,,415,624
SD@MINER,161,30,,813,1004
SD@MINNEHAHA,24772,2821,,46551,74144
SD@MOODY,694,109,,1839,2642
SD@OGLALA LAKOTA,1889,129,,422,2440
SD@PENNINGTON,12441,2314,,30398,45153
SD@PERKINS,133,95,,1141,1369
SD@POTTER,123,33,,937,1093
SD@ROBERTS,1000,147,,2384,3531
SD@SANBORN,154,27,,821,1002
SD@SPINK,546,91,,2027,2664
SD@STANLEY,245,64,,1138,1447
SD@SULLY,114,47,,622,783
SD@TODD,1308,101,,502,1911
SD@TRIPP,263,113,,1861,2237
SD@TURNER,602,168,,3078,3848
SD@UNION,1497,229,,4991,6717
SD@WALWORTH,301,92,,1645,2038
SD@YANKTON,2462,340,,6051,8853
SD@ZIEBACH,242,47,,389,678
UT@BEAVER,,33,443,1971,2447
UT@BOX ELDER,,463,5001,14434,19903
UT@CACHE,,1228,16166,24588,41990
UT@CARBON,,230,2233,4265,6729
UT@DAGGETT,,4,117,377,498
UT@DAVIS,,2897,54460,66385,123778
UT@DUCHESNE,,96,1015,5170,6283
UT@EMERY,,70,768,3269,4107
UT@GARFIELD,,33,557,1795,2385
UT@GRAND,,250,2492,1901,4643
UT@IRON,,437,3949,12923,17309
UT@JUAB,,70,775,3886,4731
UT@KANE,,104,1002,2553,3659
UT@MILLARD,,88,763,4279,5130
UT@MORGAN,,79,1413,3665,5157
UT@PIUTE,,6,85,692,783
UT@RICH,,14,215,844,1073
UT@SALT LAKE,,13902,222275,144931,381195
UT@SAN JUAN,,338,2104,3118,5562
UT@SANPETE,,150,2025,7829,10004
UT@SEVIER,,120,1244,6411,7775
UT@SUMMIT,,553,12496,7305,20358
UT@TOOELE,,809,7889,13371,22074
UT@UINTAH,,203,1725,8905,10834
UT@UTAH,,4949,74000,127096,206100
UT@WASATCH,,350,5586,7528,13464
UT@WASHINGTON,,1526,18555,49420,69501
UT@WAYNE,,26,432,1056,1514
UT@WEBER,,2756,32276,42007,77075
VT@,196575,,9445,80468,287386
WA@ADAMS,969,,12,3150,4131
WA@ASOTIN,3181,,13,5824,9018
WA@BENTON,25513,,128,50108,75749
WA@CHELAN,14373,,67,19833,34273
WA@CLALLAM,20784,,94,19401,40279
WA@CLARK,105058,,298,100260,205616
WA@COLUMBIA,592,,12,1575,2179
WA@COWLITZ,17439,,57,27446,44942
WA@DOUGLAS,5275,,36,10806,16117
WA@FERRY,1060,,7,2348,3415
WA@FRANKLIN,7022,,18,15174,22214
WA@GARFIELD,307,,3,977,1287
WA@GRANT,7221,,36,19655,26912
WA@GRAYS HARBOR,13600,,81,15718,29399
WA@ISLAND,23680,,102,19275,43057
WA@JEFFERSON,14970,,44,6185,21199
WA@KING,668692,,1943,220307,890942
WA@KITSAP,70939,,278,52134,123351
WA@KITTITAS,8318,,34,12446,20798
WA@KLICKITAT,4798,,18,6639,11455
WA@LEWIS,11263,,75,24654,35992
WA@LINCOLN,1423,,15,4716,6154
WA@MASON,13777,,86,15612,29475
WA@OKANOGAN,6644,,34,9926,16604
WA@PACIFIC,5771,,35,6137,11943
WA@PEND OREILLE,2032,,16,4739,6787
WA@PIERCE,175164,,959,156331,332454
WA@SAN JUAN,8254,,17,3055,11326
WA@SKAGIT,29316,,139,27394,56849
WA@SKAMANIA,2620,,8,3599,6227
WA@SNOHOMISH,184430,,864,135339,320633
WA@SPOKANE,100719,,443,120369,221531
WA@STEVENS,6073,,43,16803,22919
WA@THURSTON,73189,,347,52570,126106
WA@WAHKIAKUM,1007,,7,1551,2565
WA@WALLA WALLA,10039,,29,14192,24260
WA@WHATCOM,65950,,182,45038,111170
WA@WHITMAN,7824,,35,7848,15707
WA@YAKIMA,22541,,136,40188,62865
WI@ADAMS,3644,,38,6202,9884
WI@ASHLAND,3903,,9,3074,6986
WI@BARRON,7121,,30,12928,20079
WI@BAYFIELD,5183,,15,4082,9280
WI@BROWN,51421,,237,62221,113879
WI@BUFFALO,2201,,10,3907,6118
WI@BURNETT,2834,,,5362,8196
WI@CALUMET,9444,,41,15466,24951
WI@CHIPPEWA,11069,,60,17694,28823
WI@CLARK,3451,,22,8181,11654
WI@COLUMBIA,13410,,64,13899,27373
WI@CRAWFORD,3179,,13,3797,6989
WI@DANE,231818,,682,68228,300728
WI@DODGE,12830,,,25914,38744
WI@DOOR,8611,,26,8685,17322
WI@DOUGLAS,10270,,22,8373,18665
WI@DUNN,7876,,,10544,18420
WI@EAU CLAIRE,26529,,115,21208,47852
WI@FLORENCE,620,,,1898,2518
WI@FOND DU LAC,15982,,38,30584,46604
WI@FOREST,1371,,7,2785,4163
WI@GRANT,8671,,41,11397,20109
WI@GREEN,9097,,33,8350,17480
WI@GREEN LAKE,2626,,5,6061,8692
WI@IOWA,6514,,25,5082,11621
WI@IRON,1197,,4,2064,3265
WI@JACKSON,3288,,,4700,7988
WI@JEFFERSON,16141,,64,22402,38607
WI@JUNEAU,3782,,20,6944,10746
WI@KENOSHA,31371,,159,34393,65923
WI@KEWAUNEE,3273,,20,6627,9920
WI@LA CROSSE,30695,,115,24413,55223
WI@LAFAYETTE,2787,,,3779,6566
WI@LANGLADE,2818,,,6190,9008
WI@LINCOLN,4920,,29,8541,13490
WI@MANITOWOC,13288,,69,22561,35918
WI@MARATHON,23912,,103,37527,61542
WI@MARINETTE,5816,,42,12677,18535
WI@MARQUETTE,2589,,11,4753,7353
WI@MENOMINEE,962,,,264,1226
WI@MILWAUKEE,243638,,755,103666,348059
WI@MONROE,6461,,49,10801,17311
WI@OCONTO,5527,,47,13961,19535
WI@ONEIDA,8279,,41,11866,20186
WI@OUTAGAMIE,37922,,,47805,85727
WI@OZAUKEE,21954,,130,30209,52293
WI@PEPIN,1177,,1,2122,3300
WI@PIERCE,7709,,15,10313,18037
WI@POLK,7313,,2,13132,20447
WI@PORTAGE,17186,,50,16339,33575
WI@PRICE,2459,,4,4584,7047
WI@RACINE,37252,,218,44221,81691
WI@RICHLAND,3173,,12,3827,7012
WI@ROCK,36024,,160,28758,64942
WI@RUSK,2056,,2,4326,6384
WI@SAUK,14618,,,14289,28907
WI@SAWYER,3597,,13,4949,8559
WI@SHAWANO,5495,,2,12415,17912
WI@SHEBOYGAN,21350,,129,32058,53537
WI@ST. CROIX,17827,,52,26143,44022
WI@TAYLOR,2130,,,6527,8657
WI@TREMPEALEAU,4920,,13,7322,12255
WI@VERNON,6206,,18,6950,13174
WI@VILAS,4803,,24,8350,13177
WI@WALWORTH,17824,,112,27995,45931
WI@WASHBURN,3074,,4,5277,8355
WI@WASHINGTON,21566,,,52401,73967
WI@WAUKESHA,83408,,509,140156,224073
WI@WAUPACA,7653,,42,15525,23220
WI@WAUSHARA,3567,,3,7765,11335
WI@WINNEBAGO,34860,,185,39372,74417
WI@WOOD,12925,,64,20004,32993